{"stats":{"minecraft:mined":{"minecraft:dark_oak_planks":1,"minecraft:white_bed":6,"minecraft:dark_oak_leaves":7,"minecraft:dark_oak_log":31,"minecraft:grass_block":74,"minecraft:birch_slab":2,"minecraft:spruce_leaves":1,"minecraft:kelp":1,"minecraft:composter":1,"minecraft:oxeye_daisy":1,"minecraft:hay_block":10,"minecraft:furnace":4,"minecraft:carrots":1,"minecraft:iron_ore":31,"minecraft:potatoes":2,"minecraft:stone":58,"minecraft:kelp_plant":2,"minecraft:dandelion":1,"minecraft:crafting_table":6,"minecraft:cobblestone":1,"minecraft:tall_grass":9,"minecraft:sugar_cane":7,"minecraft:oak_planks":4,"minecraft:diorite":1,"minecraft:birch_log":8,"minecraft:birch_leaves":4,"minecraft:grass_path":1,"minecraft:grass":86,"minecraft:oak_log":14,"minecraft:coal_ore":32,"minecraft:sunflower":1,"minecraft:sand":4,"minecraft:dirt":84,"minecraft:oak_leaves":18},"minecraft:killed":{"minecraft:spider":1,"minecraft:skeleton":4,"minecraft:chicken":5,"minecraft:pig":17,"minecraft:creeper":1,"minecraft:sheep":10,"minecraft:zombie":3,"minecraft:cow":11},"minecraft:broken":{"minecraft:wooden_shovel":1},"minecraft:custom":{"minecraft:mob_kills":52,"minecraft:interact_with_crafting_table":23,"minecraft:leave_game":3,"minecraft:time_since_death":13464,"minecraft:climb_one_cm":143,"minecraft:sprint_one_cm":485396,"minecraft:walk_one_cm":157237,"minecraft:damage_blocked_by_shield":1490,"minecraft:drop":22,"minecraft:deaths":3,"minecraft:sneak_time":250,"minecraft:walk_under_water_one_cm":15177,"minecraft:boat_one_cm":219203,"minecraft:jump":4677,"minecraft:walk_on_water_one_cm":27366,"minecraft:interact_with_furnace":59,"minecraft:play_one_minute":153200,"minecraft:sleep_in_bed":7,"minecraft:time_since_rest":13488,"minecraft:damage_taken":1600,"minecraft:damage_dealt":6143,"minecraft:swim_one_cm":57442,"minecraft:fly_one_cm":964949,"minecraft:open_chest":5,"minecraft:crouch_one_cm":979,"minecraft:fall_one_cm":138301,"minecraft:horse_one_cm":3063},"minecraft:crafted":{"minecraft:oak_planks":64,"minecraft:cooked_chicken":4,"minecraft:furnace":2,"minecraft:cooked_mutton":11,"minecraft:iron_boots":1,"minecraft:iron_axe":1,"minecraft:stone_pickaxe":1,"minecraft:dark_oak_planks":124,"minecraft:wheat":90,"minecraft:cooked_beef":19,"minecraft:wooden_shovel":1,"minecraft:cooked_porkchop":10,"minecraft:crafting_table":3,"minecraft:wooden_pickaxe":2,"minecraft:iron_helmet":1,"minecraft:bucket":1,"minecraft:birch_planks":32,"minecraft:stone_axe":1,"minecraft:bread":30,"minecraft:air":0,"minecraft:oak_boat":1,"minecraft:iron_chestplate":1,"minecraft:shield":1,"minecraft:stick":24,"minecraft:iron_ingot":34,"minecraft:iron_pickaxe":1,"minecraft:wooden_axe":3,"minecraft:iron_shovel":1,"minecraft:iron_leggings":1,"minecraft:torch":16},"minecraft:used":{"minecraft:iron_shovel":84,"minecraft:shield":23,"minecraft:wooden_shovel":60,"minecraft:cooked_chicken":4,"minecraft:torch":3,"minecraft:dirt":192,"minecraft:wooden_axe":29,"minecraft:dark_oak_planks":3,"minecraft:iron_axe":156,"minecraft:beef":1,"minecraft:furnace":4,"minecraft:cooked_beef":3,"minecraft:cooked_mutton":15,"minecraft:water_bucket":29,"minecraft:stone_pickaxe":106,"minecraft:oak_planks":31,"minecraft:wooden_pickaxe":6,"minecraft:sand":2,"minecraft:crafting_table":9,"minecraft:white_bed":7,"minecraft:oxeye_daisy":1,"minecraft:birch_slab":2,"minecraft:sunflower":2,"minecraft:bread":5,"minecraft:chicken":2,"minecraft:iron_pickaxe":15,"minecraft:stone_axe":3,"minecraft:cobblestone":25,"minecraft:cooked_porkchop":1,"minecraft:porkchop":6,"minecraft:bucket":30,"minecraft:oak_boat":5,"minecraft:dandelion":1},"minecraft:dropped":{"minecraft:iron_ingot":2,"minecraft:porkchop":2,"minecraft:wheat_seeds":5,"minecraft:diorite":1,"minecraft:lily_pad":26,"minecraft:stone_axe":2,"minecraft:rotten_flesh":4,"minecraft:white_bed":1,"minecraft:oak_sapling":2,"minecraft:arrow":1,"minecraft:bow":2,"minecraft:stone_pickaxe":2},"minecraft:killed_by":{"minecraft:skeleton":1,"minecraft:witch":1},"minecraft:picked_up":{"minecraft:crafting_table":6,"minecraft:chicken":6,"minecraft:string":2,"minecraft:beef":22,"minecraft:oak_boat":5,"minecraft:sugar_cane":17,"minecraft:furnace":4,"minecraft:stick":2,"minecraft:torch":2,"minecraft:porkchop":34,"minecraft:diorite":1,"minecraft:iron_horse_armor":1,"minecraft:dark_oak_planks":1,"minecraft:arrow":4,"minecraft:rotten_flesh":1,"minecraft:hay_block":10,"minecraft:mutton":15,"minecraft:cobblestone":59,"minecraft:white_wool":11,"minecraft:oxeye_daisy":1,"minecraft:birch_log":8,"minecraft:feather":5,"minecraft:birch_slab":2,"minecraft:leather":10,"minecraft:potato":3,"minecraft:oak_log":16,"minecraft:lily_pad":26,"minecraft:gunpowder":2,"minecraft:dirt":188,"minecraft:cooked_mutton":14,"minecraft:bone":3,"minecraft:kelp":10,"minecraft:bow":3,"minecraft:wheat_seeds":15,"minecraft:stone_pickaxe":1,"minecraft:iron_ingot":4,"minecraft:iron_ore":35,"minecraft:oak_planks":4,"minecraft:cooked_porkchop":1,"minecraft:dandelion":1,"minecraft:sand":2,"minecraft:white_bed":8,"minecraft:dark_oak_log":31,"minecraft:spider_eye":1,"minecraft:stone_axe":1,"minecraft:oak_sapling":3,"minecraft:coal":63,"minecraft:sunflower":2}},"DataVersion":2586}