{"stats":{"minecraft:mined":{"minecraft:dark_oak_planks":1,"minecraft:white_bed":6,"minecraft:dark_oak_leaves":7,"minecraft:dark_oak_log":31,"minecraft:dandelion":1,"minecraft:crafting_table":5,"minecraft:grass_block":72,"minecraft:tall_grass":9,"minecraft:cobblestone":1,"minecraft:birch_slab":2,"minecraft:spruce_leaves":1,"minecraft:oak_planks":4,"minecraft:sugar_cane":7,"minecraft:composter":1,"minecraft:oxeye_daisy":1,"minecraft:diorite":1,"minecraft:hay_block":10,"minecraft:furnace":4,"minecraft:carrots":1,"minecraft:iron_ore":31,"minecraft:birch_leaves":2,"minecraft:grass_path":1,"minecraft:grass":84,"minecraft:potatoes":2,"minecraft:coal_ore":32,"minecraft:oak_log":14,"minecraft:sunflower":1,"minecraft:sand":1,"minecraft:dirt":84,"minecraft:stone":58,"minecraft:oak_leaves":18},"minecraft:killed":{"minecraft:pig":9,"minecraft:spider":1,"minecraft:creeper":1,"minecraft:sheep":8,"minecraft:skeleton":4,"minecraft:zombie":3,"minecraft:chicken":5,"minecraft:cow":10},"minecraft:broken":{"minecraft:wooden_shovel":1},"minecraft:custom":{"minecraft:interact_with_furnace":59,"minecraft:mob_kills":41,"minecraft:interact_with_crafting_table":21,"minecraft:play_one_minute":141200,"minecraft:leave_game":3,"minecraft:time_since_death":1464,"minecraft:sleep_in_bed":7,"minecraft:climb_one_cm":143,"minecraft:time_since_rest":1488,"minecraft:sprint_one_cm":452346,"minecraft:damage_taken":1560,"minecraft:walk_one_cm":146624,"minecraft:damage_blocked_by_shield":1490,"minecraft:drop":22,"minecraft:damage_dealt":5083,"minecraft:swim_one_cm":35800,"minecraft:fly_one_cm":906237,"minecraft:open_chest":5,"minecraft:crouch_one_cm":552,"minecraft:deaths":3,"minecraft:sneak_time":96,"minecraft:walk_under_water_one_cm":9378,"minecraft:boat_one_cm":219203,"minecraft:jump":4373,"minecraft:walk_on_water_one_cm":23608,"minecraft:fall_one_cm":127975,"minecraft:horse_one_cm":3063},"minecraft:crafted":{"minecraft:cooked_beef":19,"minecraft:oak_planks":64,"minecraft:wooden_shovel":1,"minecraft:cooked_porkchop":10,"minecraft:crafting_table":2,"minecraft:cooked_chicken":4,"minecraft:wooden_pickaxe":1,"minecraft:iron_helmet":1,"minecraft:furnace":2,"minecraft:bucket":1,"minecraft:stone_axe":1,"minecraft:cooked_mutton":11,"minecraft:bread":30,"minecraft:air":0,"minecraft:oak_boat":1,"minecraft:iron_boots":1,"minecraft:iron_chestplate":1,"minecraft:shield":1,"minecraft:iron_axe":1,"minecraft:stick":20,"minecraft:iron_ingot":34,"minecraft:iron_pickaxe":1,"minecraft:stone_pickaxe":1,"minecraft:wooden_axe":2,"minecraft:iron_shovel":1,"minecraft:iron_leggings":1,"minecraft:dark_oak_planks":124,"minecraft:torch":16,"minecraft:wheat":90},"minecraft:used":{"minecraft:cooked_mutton":15,"minecraft:water_bucket":29,"minecraft:iron_shovel":84,"minecraft:stone_pickaxe":106,"minecraft:oak_planks":31,"minecraft:wooden_pickaxe":6,"minecraft:shield":23,"minecraft:wooden_shovel":60,"minecraft:cooked_chicken":4,"minecraft:torch":3,"minecraft:dirt":190,"minecraft:sand":1,"minecraft:crafting_table":8,"minecraft:white_bed":7,"minecraft:dark_oak_planks":3,"minecraft:wooden_axe":3,"minecraft:oxeye_daisy":1,"minecraft:chicken":2,"minecraft:iron_axe":156,"minecraft:sunflower":2,"minecraft:birch_slab":2,"minecraft:bread":5,"minecraft:iron_pickaxe":15,"minecraft:stone_axe":3,"minecraft:cobblestone":25,"minecraft:beef":1,"minecraft:porkchop":4,"minecraft:furnace":4,"minecraft:cooked_porkchop":1,"minecraft:bucket":30,"minecraft:oak_boat":5,"minecraft:cooked_beef":3,"minecraft:dandelion":1},"minecraft:dropped":{"minecraft:iron_ingot":2,"minecraft:stone_axe":2,"minecraft:wheat_seeds":5,"minecraft:porkchop":2,"minecraft:rotten_flesh":4,"minecraft:white_bed":1,"minecraft:diorite":1,"minecraft:oak_sapling":2,"minecraft:bow":2,"minecraft:arrow":1,"minecraft:stone_pickaxe":2,"minecraft:lily_pad":26},"minecraft:killed_by":{"minecraft:skeleton":1,"minecraft:witch":1},"minecraft:picked_up":{"minecraft:crafting_table":6,"minecraft:feather":5,"minecraft:chicken":6,"minecraft:birch_slab":2,"minecraft:leather":8,"minecraft:potato":3,"minecraft:oak_log":16,"minecraft:lily_pad":26,"minecraft:gunpowder":2,"minecraft:string":2,"minecraft:dirt":186,"minecraft:cooked_mutton":14,"minecraft:bone":3,"minecraft:bow":3,"minecraft:wheat_seeds":15,"minecraft:iron_ingot":4,"minecraft:beef":20,"minecraft:stone_pickaxe":1,"minecraft:oak_boat":5,"minecraft:iron_ore":35,"minecraft:sugar_cane":17,"minecraft:oak_planks":4,"minecraft:furnace":4,"minecraft:stick":2,"minecraft:cooked_porkchop":1,"minecraft:torch":2,"minecraft:dandelion":1,"minecraft:porkchop":20,"minecraft:sand":1,"minecraft:diorite":1,"minecraft:white_bed":8,"minecraft:spider_eye":1,"minecraft:dark_oak_log":31,"minecraft:iron_horse_armor":1,"minecraft:dark_oak_planks":1,"minecraft:arrow":4,"minecraft:rotten_flesh":1,"minecraft:stone_axe":1,"minecraft:hay_block":10,"minecraft:oak_sapling":3,"minecraft:mutton":12,"minecraft:coal":63,"minecraft:sunflower":2,"minecraft:white_wool":9,"minecraft:cobblestone":59,"minecraft:oxeye_daisy":1}},"DataVersion":2586}