{"stats":{"minecraft:custom":{"minecraft:time_since_rest":8686,"minecraft:damage_taken":240,"minecraft:crouch_one_cm":360,"minecraft:play_time":12821,"minecraft:sprint_one_cm":24073,"minecraft:walk_one_cm":21418,"minecraft:deaths":1,"minecraft:sneak_time":264,"minecraft:walk_under_water_one_cm":24,"minecraft:jump":82,"minecraft:damage_dealt":60,"minecraft:leave_game":8,"minecraft:time_since_death":8581,"minecraft:walk_on_water_one_cm":489,"minecraft:total_world_time":12821,"minecraft:swim_one_cm":2116,"minecraft:interact_with_crafting_table":3,"minecraft:fall_one_cm":1730,"minecraft:fly_one_cm":24300},"minecraft:crafted":{"minecraft:wooden_sword":1,"minecraft:oak_planks":32,"minecraft:crafting_table":1,"minecraft:stick":8,"minecraft:wooden_pickaxe":1,"minecraft:wooden_axe":1},"minecraft:mined":{"minecraft:grass":6,"minecraft:oak_log":12,"minecraft:sunflower":3,"minecraft:tall_grass":5,"minecraft:oak_leaves":6,"minecraft:crafting_table":1},"minecraft:killed_by":{"minecraft:skeleton":1},"minecraft:used":{"minecraft:wooden_axe":12,"minecraft:wooden_sword":1,"minecraft:crafting_table":1,"minecraft:sunflower":1},"minecraft:picked_up":{"minecraft:crafting_table":1,"minecraft:oak_log":12,"minecraft:sunflower":1}},"DataVersion":3465}