{"stats":{"minecraft:custom":{"minecraft:time_since_rest":27730,"minecraft:damage_taken":240,"minecraft:crouch_one_cm":526,"minecraft:play_time":31865,"minecraft:sprint_one_cm":59750,"minecraft:walk_one_cm":54348,"minecraft:deaths":1,"minecraft:sneak_time":348,"minecraft:walk_under_water_one_cm":9015,"minecraft:mob_kills":1,"minecraft:jump":297,"minecraft:damage_dealt":151,"minecraft:leave_game":9,"minecraft:time_since_death":27625,"minecraft:walk_on_water_one_cm":6730,"minecraft:total_world_time":31865,"minecraft:swim_one_cm":7599,"minecraft:interact_with_crafting_table":3,"minecraft:fall_one_cm":7340,"minecraft:fly_one_cm":81237},"minecraft:crafted":{"minecraft:wooden_sword":1,"minecraft:oak_planks":60,"minecraft:crafting_table":1,"minecraft:stick":8,"minecraft:wooden_pickaxe":1,"minecraft:wooden_axe":1},"minecraft:killed":{"minecraft:sheep":1},"minecraft:mined":{"minecraft:grass":19,"minecraft:oak_log":15,"minecraft:sunflower":4,"minecraft:tall_grass":5,"minecraft:oak_leaves":6,"minecraft:crafting_table":1},"minecraft:killed_by":{"minecraft:skeleton":1},"minecraft:used":{"minecraft:wooden_axe":12,"minecraft:wooden_sword":1,"minecraft:mutton":1,"minecraft:crafting_table":1,"minecraft:sunflower":1,"minecraft:egg":2},"minecraft:picked_up":{"minecraft:crafting_table":1,"minecraft:oak_log":15,"minecraft:mutton":1,"minecraft:white_wool":1,"minecraft:egg":2,"minecraft:sunflower":1}},"DataVersion":3465}