{"stats":{"minecraft:picked_up":{"minecraft:crafting_table":4,"minecraft:feather":17,"minecraft:chicken":17,"minecraft:leather":15,"minecraft:oak_log":6,"minecraft:string":2,"minecraft:dirt":44,"minecraft:cooked_mutton":6,"minecraft:bone":3,"minecraft:apple":1,"minecraft:wheat_seeds":9,"minecraft:beef":31,"minecraft:light_gray_wool":1,"minecraft:sugar_cane":14,"minecraft:furnace":1,"minecraft:egg":11,"minecraft:raw_iron":3,"minecraft:torch":9,"minecraft:dandelion":1,"minecraft:acacia_log":5,"minecraft:porkchop":3,"minecraft:sand":3,"minecraft:white_bed":7,"minecraft:spider_eye":1,"minecraft:arrow":8,"minecraft:rotten_flesh":4,"minecraft:granite":8,"minecraft:gray_wool":1,"minecraft:oak_sapling":1,"minecraft:black_wool":3,"minecraft:mutton":45,"minecraft:coal":123,"minecraft:white_wool":27,"minecraft:cobblestone":35},"minecraft:broken":{"minecraft:wooden_sword":1},"minecraft:used":{"minecraft:stone_sword":153,"minecraft:stone_pickaxe":119,"minecraft:wooden_pickaxe":48,"minecraft:cooked_chicken":2,"minecraft:white_wool":4,"minecraft:torch":10,"minecraft:dirt":4,"minecraft:sand":3,"minecraft:mutton":22,"minecraft:crafting_table":4,"minecraft:white_bed":8,"minecraft:wooden_axe":26,"minecraft:wooden_sword":78,"minecraft:beef":3,"minecraft:furnace":1,"minecraft:cooked_beef":7},"minecraft:dropped":{"minecraft:light_gray_wool":1,"minecraft:wooden_sword":1,"minecraft:spider_eye":1,"minecraft:acacia_planks":1,"minecraft:dandelion":1},"minecraft:crafted":{"minecraft:cooked_beef":39,"minecraft:wooden_sword":2,"minecraft:oak_planks":24,"minecraft:crafting_table":1,"minecraft:iron_helmet":1,"minecraft:wooden_pickaxe":2,"minecraft:cooked_chicken":2,"minecraft:furnace":1,"minecraft:air":0,"minecraft:iron_boots":1,"minecraft:iron_chestplate":1,"minecraft:shield":1,"minecraft:stick":16,"minecraft:iron_ingot":26,"minecraft:stone_pickaxe":1,"minecraft:wooden_axe":1,"minecraft:stone_sword":1,"minecraft:iron_leggings":1,"minecraft:white_bed":1,"minecraft:acacia_planks":20,"minecraft:torch":4},"minecraft:custom":{"minecraft:interact_with_furnace":18,"minecraft:mob_kills":76,"minecraft:interact_with_crafting_table":18,"minecraft:leave_game":5,"minecraft:time_since_death":81024,"minecraft:sleep_in_bed":6,"minecraft:time_since_rest":9245,"minecraft:sprint_one_cm":200274,"minecraft:damage_taken":700,"minecraft:walk_one_cm":152584,"minecraft:drop":5,"minecraft:damage_dealt":7024,"minecraft:talked_to_villager":1,"minecraft:swim_one_cm":32076,"minecraft:fly_one_cm":269011,"minecraft:open_chest":7,"minecraft:crouch_one_cm":7122,"minecraft:play_time":81024,"minecraft:sneak_time":3401,"minecraft:walk_under_water_one_cm":4671,"minecraft:jump":1131,"minecraft:walk_on_water_one_cm":14146,"minecraft:total_world_time":81024,"minecraft:fall_one_cm":21290},"minecraft:mined":{"minecraft:white_bed":7,"minecraft:dandelion":1,"minecraft:crafting_table":4,"minecraft:torch":5,"minecraft:granite":8,"minecraft:acacia_log":4,"minecraft:grass_block":9,"minecraft:tall_grass":21,"minecraft:sugar_cane":6,"minecraft:wall_torch":4,"minecraft:furnace":1,"minecraft:iron_ore":3,"minecraft:grass":92,"minecraft:oak_log":6,"minecraft:coal_ore":65,"minecraft:sand":3,"minecraft:dirt":35,"minecraft:stone":31},"minecraft:killed":{"minecraft:pig":2,"minecraft:spider":1,"minecraft:sheep":32,"minecraft:skeleton":5,"minecraft:zombie":3,"minecraft:chicken":17,"minecraft:cow":15}},"DataVersion":3465}