{"stats":{"minecraft:mined":{"minecraft:diamond_ore":34,"minecraft:white_bed":6,"minecraft:dark_oak_log":6,"minecraft:obsidian":22,"minecraft:granite":58,"minecraft:grass_block":25,"minecraft:oxeye_daisy":1,"minecraft:spawner":1,"minecraft:furnace":10,"minecraft:carrots":7,"minecraft:iron_ore":58,"minecraft:fire":1,"minecraft:andesite":36,"minecraft:potatoes":5,"minecraft:stone":573,"minecraft:crafting_table":7,"minecraft:torch":1,"minecraft:tall_grass":4,"minecraft:cobblestone":4,"minecraft:lapis_ore":16,"minecraft:diorite":45,"minecraft:wall_torch":4,"minecraft:birch_log":6,"minecraft:wheat":11,"minecraft:birch_leaves":5,"minecraft:yellow_bed":8,"minecraft:grass":79,"minecraft:oak_log":7,"minecraft:coal_ore":84,"minecraft:gravel":14,"minecraft:dirt":66,"minecraft:stonecutter":1,"minecraft:oak_leaves":2},"minecraft:killed":{"minecraft:spider":5,"minecraft:skeleton":2,"minecraft:chicken":7,"minecraft:drowned":2,"minecraft:pig":22,"minecraft:iron_golem":1,"minecraft:creeper":3,"minecraft:sheep":16,"minecraft:zombie":14,"minecraft:villager":11,"minecraft:blaze":2,"minecraft:cow":7},"minecraft:broken":{"minecraft:flint_and_steel":1,"minecraft:stone_pickaxe":1,"minecraft:stone_axe":1},"minecraft:custom":{"minecraft:mob_kills":92,"minecraft:interact_with_crafting_table":34,"minecraft:leave_game":13,"minecraft:time_since_death":131329,"minecraft:climb_one_cm":1550,"minecraft:sprint_one_cm":562359,"minecraft:walk_one_cm":279323,"minecraft:drop":30,"minecraft:deaths":4,"minecraft:sneak_time":15573,"minecraft:walk_under_water_one_cm":11165,"minecraft:jump":3677,"minecraft:walk_on_water_one_cm":19347,"minecraft:interact_with_furnace":128,"minecraft:play_one_minute":151454,"minecraft:sleep_in_bed":9,"minecraft:time_since_rest":38023,"minecraft:damage_taken":2221,"minecraft:damage_dealt":14006,"minecraft:fly_one_cm":733496,"minecraft:swim_one_cm":51210,"minecraft:player_kills":1,"minecraft:open_chest":3,"minecraft:crouch_one_cm":29084,"minecraft:fall_one_cm":84293},"minecraft:crafted":{"minecraft:oak_planks":28,"minecraft:oak_sign":3,"minecraft:cooked_chicken":6,"minecraft:furnace":4,"minecraft:cooked_mutton":23,"minecraft:flint_and_steel":3,"minecraft:iron_boots":1,"minecraft:stone_pickaxe":2,"minecraft:dark_oak_planks":24,"minecraft:cooked_beef":10,"minecraft:cooked_porkchop":34,"minecraft:crafting_table":4,"minecraft:wooden_pickaxe":2,"minecraft:baked_potato":7,"minecraft:iron_helmet":1,"minecraft:iron_sword":2,"minecraft:bucket":2,"minecraft:birch_planks":24,"minecraft:stone_axe":2,"minecraft:air":0,"minecraft:iron_chestplate":1,"minecraft:diamond_pickaxe":1,"minecraft:shield":1,"minecraft:stick":40,"minecraft:iron_pickaxe":3,"minecraft:iron_ingot":59,"minecraft:wooden_axe":2,"minecraft:iron_leggings":1,"minecraft:white_bed":1,"minecraft:torch":8},"minecraft:used":{"minecraft:flint_and_steel":82,"minecraft:poppy":2,"minecraft:oak_sign":3,"minecraft:iron_sword":258,"minecraft:rotten_flesh":8,"minecraft:torch":12,"minecraft:dirt":40,"minecraft:granite":4,"minecraft:obsidian":10,"minecraft:dark_oak_planks":2,"minecraft:wooden_axe":4,"minecraft:furnace":10,"minecraft:egg":2,"minecraft:cooked_beef":10,"minecraft:potato":2,"minecraft:cooked_mutton":4,"minecraft:water_bucket":5,"minecraft:birch_planks":1,"minecraft:stone_pickaxe":164,"minecraft:baked_potato":5,"minecraft:wooden_pickaxe":30,"minecraft:white_wool":3,"minecraft:crafting_table":10,"minecraft:white_bed":3,"minecraft:diamond_pickaxe":494,"minecraft:iron_pickaxe":332,"minecraft:gravel":2,"minecraft:stone_axe":115,"minecraft:cobblestone":40,"minecraft:cooked_porkchop":10,"minecraft:bucket":6,"minecraft:yellow_bed":3,"minecraft:gray_wool":2},"minecraft:dropped":{"minecraft:wheat_seeds":2,"minecraft:feather":7,"minecraft:cobblestone":70,"minecraft:leather":10,"minecraft:stick":1,"minecraft:dirt":37,"minecraft:diorite":11,"minecraft:wooden_axe":1,"minecraft:dark_oak_planks":2,"minecraft:gravel":15,"minecraft:rotten_flesh":11,"minecraft:oak_planks":5,"minecraft:white_bed":3,"minecraft:gunpowder":1,"minecraft:diamond_pickaxe":1,"minecraft:andesite":30,"minecraft:wooden_pickaxe":1},"minecraft:killed_by":{"minecraft:creeper":1,"minecraft:skeleton":2,"minecraft:zombie":1},"minecraft:picked_up":{"minecraft:crafting_table":7,"minecraft:wheat":5,"minecraft:chicken":12,"minecraft:string":3,"minecraft:oak_sign":2,"minecraft:beef":10,"minecraft:poppy":2,"minecraft:furnace":10,"minecraft:egg":2,"minecraft:stick":24,"minecraft:torch":6,"minecraft:porkchop":50,"minecraft:diorite":45,"minecraft:carrot":6,"minecraft:redstone":10,"minecraft:dark_oak_planks":4,"minecraft:arrow":3,"minecraft:rotten_flesh":19,"minecraft:gold_ingot":1,"minecraft:blaze_rod":1,"minecraft:obsidian":20,"minecraft:mutton":37,"minecraft:white_wool":12,"minecraft:cobblestone":336,"minecraft:birch_log":6,"minecraft:feather":7,"minecraft:cooked_beef":1,"minecraft:andesite":30,"minecraft:leather":10,"minecraft:potato":8,"minecraft:flint":3,"minecraft:oak_log":7,"minecraft:yellow_bed":4,"minecraft:gunpowder":2,"minecraft:dirt":84,"minecraft:lapis_lazuli":101,"minecraft:cooked_mutton":3,"minecraft:bone":2,"minecraft:stonecutter":1,"minecraft:wheat_seeds":22,"minecraft:cooked_chicken":1,"minecraft:iron_ingot":7,"minecraft:iron_ore":69,"minecraft:oak_planks":4,"minecraft:cooked_porkchop":7,"minecraft:gravel":17,"minecraft:white_bed":5,"minecraft:dark_oak_log":6,"minecraft:spider_eye":1,"minecraft:diamond":34,"minecraft:granite":58,"minecraft:gray_wool":2,"minecraft:coal":181,"minecraft:diamond_pickaxe":1}},"DataVersion":2586}