{"stats":{"minecraft:mined":{"minecraft:white_bed":1,"minecraft:soul_sand":2,"minecraft:crimson_nylium":3,"minecraft:obsidian":13,"minecraft:crafting_table":6,"minecraft:granite":5,"minecraft:acacia_log":2,"minecraft:grass_block":5,"minecraft:dead_bush":2,"minecraft:crimson_roots":1,"minecraft:cracked_polished_blackstone_bricks":6,"minecraft:tall_grass":9,"minecraft:cobblestone":4,"minecraft:nether_wart":6,"minecraft:diorite":1,"minecraft:wall_torch":7,"minecraft:polished_blackstone_bricks":6,"minecraft:furnace":4,"minecraft:nether_wart_block":1,"minecraft:iron_ore":12,"minecraft:andesite":1,"minecraft:gold_block":4,"minecraft:yellow_bed":1,"minecraft:grass":45,"minecraft:oak_log":2,"minecraft:coal_ore":10,"minecraft:gravel":8,"minecraft:sand":1,"minecraft:dirt":8,"minecraft:stone":89,"minecraft:netherrack":175},"minecraft:custom":{"minecraft:interact_with_furnace":34,"minecraft:mob_kills":31,"minecraft:interact_with_crafting_table":12,"minecraft:play_one_minute":70371,"minecraft:bell_ring":1,"minecraft:interact_with_grindstone":1,"minecraft:leave_game":8,"minecraft:time_since_death":70371,"minecraft:sleep_in_bed":5,"minecraft:time_since_rest":1222,"minecraft:sprint_one_cm":177148,"minecraft:damage_taken":824,"minecraft:walk_one_cm":157939,"minecraft:damage_blocked_by_shield":170,"minecraft:drop":17,"minecraft:damage_dealt":5551,"minecraft:talked_to_villager":2,"minecraft:player_kills":2,"minecraft:fly_one_cm":275243,"minecraft:pig_one_cm":312,"minecraft:open_chest":20,"minecraft:crouch_one_cm":34342,"minecraft:sneak_time":12842,"minecraft:jump":1289,"minecraft:walk_on_water_one_cm":2023,"minecraft:fall_one_cm":33889},"minecraft:killed":{"minecraft:husk":1,"minecraft:piglin":7,"minecraft:pig":1,"minecraft:bat":1,"minecraft:hoglin":2,"minecraft:creeper":1,"minecraft:sheep":1,"minecraft:skeleton":4,"minecraft:zombie":3,"minecraft:chicken":6,"minecraft:piglin_brute":1,"minecraft:cow":2},"minecraft:picked_up":{"minecraft:wooden_axe":1,"minecraft:crafting_table":6,"minecraft:feather":4,"minecraft:chicken":6,"minecraft:nether_wart":21,"minecraft:leather":2,"minecraft:wooden_pickaxe":1,"minecraft:gold_block":4,"minecraft:flint":1,"minecraft:oak_log":3,"minecraft:yellow_bed":1,"minecraft:gunpowder":1,"minecraft:dirt":13,"minecraft:bone":5,"minecraft:wheat_seeds":9,"minecraft:iron_ingot":2,"minecraft:beef":4,"minecraft:iron_ore":17,"minecraft:soul_sand":2,"minecraft:furnace":4,"minecraft:stick":1,"minecraft:torch":6,"minecraft:acacia_log":2,"minecraft:polished_blackstone_bricks":6,"minecraft:porkchop":5,"minecraft:gravel":7,"minecraft:sand":1,"minecraft:white_bed":1,"minecraft:arrow":4,"minecraft:rotten_flesh":8,"minecraft:cracked_polished_blackstone_bricks":4,"minecraft:granite":5,"minecraft:netherrack":177,"minecraft:obsidian":10,"minecraft:mutton":3,"minecraft:coal":27,"minecraft:crimson_roots":1,"minecraft:white_wool":2,"minecraft:cobblestone":89},"minecraft:used":{"minecraft:water_bucket":4,"minecraft:flint_and_steel":1,"minecraft:shield":4,"minecraft:cooked_chicken":6,"minecraft:rotten_flesh":8,"minecraft:netherrack":130,"minecraft:torch":5,"minecraft:dirt":13,"minecraft:mutton":3,"minecraft:crafting_table":7,"minecraft:white_bed":1,"minecraft:obsidian":10,"minecraft:lava_bucket":4,"minecraft:diamond_pickaxe":163,"minecraft:apple":8,"minecraft:cracked_polished_blackstone_bricks":1,"minecraft:bread":3,"minecraft:iron_pickaxe":191,"minecraft:gravel":7,"minecraft:diamond_sword":128,"minecraft:cobblestone":81,"minecraft:beef":4,"minecraft:cooked_porkchop":2,"minecraft:furnace":5,"minecraft:bucket":10,"minecraft:yellow_bed":1},"minecraft:dropped":{"minecraft:wheat_seeds":9,"minecraft:golden_chestplate":1,"minecraft:oak_log":1,"minecraft:leather":2,"minecraft:iron_boots":1,"minecraft:granite":5,"minecraft:gunpowder":1,"minecraft:torch":1,"minecraft:wooden_axe":1,"minecraft:gilded_blackstone":1,"minecraft:sand":1,"minecraft:polished_blackstone_bricks":6,"minecraft:wooden_pickaxe":1,"minecraft:acacia_planks":2},"minecraft:crafted":{"minecraft:oak_planks":8,"minecraft:diamond_sword":1,"minecraft:cooked_porkchop":5,"minecraft:crafting_table":1,"minecraft:cooked_chicken":6,"minecraft:iron_helmet":1,"minecraft:furnace":1,"minecraft:bucket":2,"minecraft:air":0,"minecraft:flint_and_steel":1,"minecraft:diamond_pickaxe":1,"minecraft:shield":1,"minecraft:stick":8,"minecraft:iron_ingot":12,"minecraft:iron_pickaxe":1,"minecraft:acacia_planks":8}},"DataVersion":2586}