{"stats":{"minecraft:crafted":{"minecraft:wooden_sword":1,"minecraft:crafting_table":2,"minecraft:spruce_planks":28,"minecraft:stick":20,"minecraft:wooden_pickaxe":1,"minecraft:stone_pickaxe":1,"minecraft:wooden_axe":1,"minecraft:stone_sword":1,"minecraft:stone_axe":1},"minecraft:used":{"minecraft:wooden_axe":4,"minecraft:wooden_pickaxe":16,"minecraft:spruce_sapling":1,"minecraft:stone_axe":6,"minecraft:wooden_sword":1,"minecraft:dirt":9,"minecraft:sand":1,"minecraft:mutton":7,"minecraft:crafting_table":3,"minecraft:spruce_log":1},"minecraft:custom":{"minecraft:time_since_rest":7570,"minecraft:sprint_one_cm":97406,"minecraft:damage_taken":773,"minecraft:walk_one_cm":40039,"minecraft:mob_kills":4,"minecraft:damage_dealt":565,"minecraft:swim_one_cm":11088,"minecraft:interact_with_crafting_table":3,"minecraft:fly_one_cm":123746,"minecraft:crouch_one_cm":716,"minecraft:play_time":32449,"minecraft:deaths":3,"minecraft:sneak_time":673,"minecraft:walk_under_water_one_cm":11040,"minecraft:jump":535,"minecraft:leave_game":7,"minecraft:walk_on_water_one_cm":8491,"minecraft:time_since_death":7537,"minecraft:total_world_time":32449,"minecraft:fall_one_cm":14350},"minecraft:picked_up":{"minecraft:crafting_table":3,"minecraft:sand":1,"minecraft:spruce_sapling":1,"minecraft:spruce_log":9,"minecraft:dirt":17,"minecraft:black_wool":1,"minecraft:mutton":7,"minecraft:white_wool":3,"minecraft:cobblestone":8},"minecraft:killed":{"minecraft:sheep":4},"minecraft:mined":{"minecraft:large_fern":4,"minecraft:spruce_log":9,"minecraft:crafting_table":3,"minecraft:grass":1,"minecraft:grass_block":12,"minecraft:chest":1,"minecraft:sand":1,"minecraft:dirt":5,"minecraft:stone":8,"minecraft:oak_leaves":1},"minecraft:killed_by":{"minecraft:creeper":1}},"DataVersion":3465}