{"stats":{"minecraft:mined":{"minecraft:white_bed":1,"minecraft:obsidian":18,"minecraft:granite":5,"minecraft:acacia_log":4,"minecraft:grass_block":5,"minecraft:crimson_roots":1,"minecraft:cracked_polished_blackstone_bricks":6,"minecraft:nether_wart":6,"minecraft:hay_block":80,"minecraft:polished_blackstone_bricks":6,"minecraft:furnace":4,"minecraft:iron_ore":12,"minecraft:andesite":1,"minecraft:gold_block":4,"minecraft:stone":89,"minecraft:acacia_leaves":1,"minecraft:soul_sand":2,"minecraft:crimson_nylium":3,"minecraft:crafting_table":6,"minecraft:blast_furnace":1,"minecraft:dead_bush":3,"minecraft:tall_grass":12,"minecraft:cobblestone":4,"minecraft:sugar_cane":10,"minecraft:diorite":1,"minecraft:wall_torch":7,"minecraft:lime_bed":3,"minecraft:nether_wart_block":1,"minecraft:yellow_bed":2,"minecraft:grass":55,"minecraft:oak_log":2,"minecraft:coal_ore":10,"minecraft:dirt":8,"minecraft:gravel":8,"minecraft:sand":2,"minecraft:netherrack":175},"minecraft:custom":{"minecraft:mob_kills":31,"minecraft:interact_with_crafting_table":19,"minecraft:bell_ring":1,"minecraft:leave_game":9,"minecraft:time_since_death":118797,"minecraft:sprint_one_cm":355904,"minecraft:walk_one_cm":191409,"minecraft:damage_blocked_by_shield":170,"minecraft:drop":33,"minecraft:talked_to_villager":3,"minecraft:sneak_time":13946,"minecraft:walk_under_water_one_cm":2907,"minecraft:boat_one_cm":265630,"minecraft:jump":2458,"minecraft:walk_on_water_one_cm":7588,"minecraft:interact_with_furnace":38,"minecraft:play_one_minute":118797,"minecraft:interact_with_grindstone":1,"minecraft:sleep_in_bed":8,"minecraft:time_since_rest":17725,"minecraft:damage_taken":1024,"minecraft:damage_dealt":5551,"minecraft:fly_one_cm":614619,"minecraft:swim_one_cm":11241,"minecraft:player_kills":2,"minecraft:open_chest":26,"minecraft:pig_one_cm":312,"minecraft:crouch_one_cm":36978,"minecraft:fall_one_cm":69875},"minecraft:killed":{"minecraft:skeleton":4,"minecraft:chicken":6,"minecraft:piglin_brute":1,"minecraft:piglin":7,"minecraft:husk":1,"minecraft:pig":1,"minecraft:bat":1,"minecraft:hoglin":2,"minecraft:creeper":1,"minecraft:sheep":1,"minecraft:zombie":3,"minecraft:cow":2},"minecraft:picked_up":{"minecraft:wooden_axe":1,"minecraft:crafting_table":6,"minecraft:wheat":35,"minecraft:chicken":6,"minecraft:nether_wart":21,"minecraft:wooden_pickaxe":1,"minecraft:gold_block":4,"minecraft:beef":4,"minecraft:sugar_cane":21,"minecraft:furnace":4,"minecraft:stick":1,"minecraft:torch":6,"minecraft:acacia_log":4,"minecraft:porkchop":5,"minecraft:polished_blackstone_bricks":6,"minecraft:arrow":4,"minecraft:rotten_flesh":8,"minecraft:hay_block":90,"minecraft:obsidian":15,"minecraft:mutton":3,"minecraft:cobblestone":89,"minecraft:white_wool":2,"minecraft:lime_bed":3,"minecraft:feather":4,"minecraft:leather":2,"minecraft:flint":1,"minecraft:oak_log":3,"minecraft:yellow_bed":2,"minecraft:gunpowder":1,"minecraft:acacia_boat":6,"minecraft:dirt":13,"minecraft:bone":5,"minecraft:wheat_seeds":9,"minecraft:iron_ingot":2,"minecraft:iron_ore":17,"minecraft:soul_sand":2,"minecraft:gravel":7,"minecraft:sand":1,"minecraft:blast_furnace":1,"minecraft:white_bed":1,"minecraft:cracked_polished_blackstone_bricks":4,"minecraft:granite":5,"minecraft:piglin_banner_pattern":5,"minecraft:netherrack":177,"minecraft:coal":27,"minecraft:crimson_roots":1},"minecraft:used":{"minecraft:flint_and_steel":1,"minecraft:shield":4,"minecraft:cooked_chicken":6,"minecraft:rotten_flesh":8,"minecraft:netherrack":130,"minecraft:torch":5,"minecraft:dirt":13,"minecraft:mutton":3,"minecraft:obsidian":10,"minecraft:lava_bucket":4,"minecraft:beef":4,"minecraft:furnace":5,"minecraft:acacia_boat":6,"minecraft:water_bucket":4,"minecraft:lime_bed":2,"minecraft:crafting_table":7,"minecraft:white_bed":1,"minecraft:diamond_pickaxe":170,"minecraft:apple":8,"minecraft:cracked_polished_blackstone_bricks":1,"minecraft:bread":13,"minecraft:iron_pickaxe":191,"minecraft:gravel":7,"minecraft:diamond_sword":207,"minecraft:cobblestone":81,"minecraft:cooked_porkchop":2,"minecraft:bucket":10,"minecraft:yellow_bed":2},"minecraft:crafted":{"minecraft:oak_planks":8,"minecraft:cooked_chicken":6,"minecraft:furnace":1,"minecraft:flint_and_steel":1,"minecraft:netherite_scrap":1,"minecraft:wheat":684,"minecraft:diamond_sword":1,"minecraft:cooked_porkchop":5,"minecraft:crafting_table":1,"minecraft:iron_helmet":1,"minecraft:bucket":2,"minecraft:acacia_boat":1,"minecraft:bread":218,"minecraft:air":0,"minecraft:diamond_pickaxe":1,"minecraft:shield":1,"minecraft:stick":8,"minecraft:iron_ingot":39,"minecraft:iron_pickaxe":1,"minecraft:acacia_planks":16},"minecraft:dropped":{"minecraft:soul_sand":2,"minecraft:wheat_seeds":9,"minecraft:golden_helmet":1,"minecraft:oak_log":1,"minecraft:leather":2,"minecraft:granite":5,"minecraft:torch":1,"minecraft:wooden_axe":1,"minecraft:gilded_blackstone":1,"minecraft:bone_block":5,"minecraft:sand":1,"minecraft:polished_blackstone_bricks":6,"minecraft:iron_pickaxe":1,"minecraft:acacia_planks":2,"minecraft:golden_chestplate":1,"minecraft:wheat":11,"minecraft:iron_boots":1,"minecraft:filled_map":1,"minecraft:hay_block":2,"minecraft:gunpowder":1,"minecraft:piglin_banner_pattern":7,"minecraft:wooden_pickaxe":1}},"DataVersion":2586}