{"stats":{"minecraft:killed_by":{"minecraft:skeleton":1},"minecraft:mined":{"minecraft:grass":3,"minecraft:oak_log":8,"minecraft:sunflower":2,"minecraft:tall_grass":2,"minecraft:oak_leaves":6,"minecraft:crafting_table":1},"minecraft:used":{"minecraft:wooden_axe":12,"minecraft:wooden_sword":1,"minecraft:crafting_table":1,"minecraft:sunflower":1},"minecraft:picked_up":{"minecraft:crafting_table":1,"minecraft:oak_log":8,"minecraft:sunflower":1},"minecraft:crafted":{"minecraft:wooden_sword":1,"minecraft:oak_planks":32,"minecraft:crafting_table":1,"minecraft:stick":8,"minecraft:wooden_pickaxe":1,"minecraft:wooden_axe":1},"minecraft:custom":{"minecraft:time_since_rest":1444,"minecraft:damage_taken":240,"minecraft:crouch_one_cm":44,"minecraft:play_time":5579,"minecraft:sprint_one_cm":14756,"minecraft:walk_one_cm":9371,"minecraft:deaths":1,"minecraft:sneak_time":108,"minecraft:walk_under_water_one_cm":24,"minecraft:jump":44,"minecraft:damage_dealt":60,"minecraft:leave_game":7,"minecraft:time_since_death":1339,"minecraft:walk_on_water_one_cm":489,"minecraft:total_world_time":5579,"minecraft:swim_one_cm":2116,"minecraft:interact_with_crafting_table":3,"minecraft:fall_one_cm":1103,"minecraft:fly_one_cm":13125}},"DataVersion":3465}