{"stats":{"minecraft:picked_up":{"minecraft:birch_log":19,"minecraft:crafting_table":4,"minecraft:feather":18,"minecraft:chicken":18,"minecraft:jungle_log":12,"minecraft:leather":16,"minecraft:oak_stairs":1,"minecraft:oak_log":115,"minecraft:dirt":55,"minecraft:string":2,"minecraft:cooked_mutton":6,"minecraft:bone":3,"minecraft:apple":2,"minecraft:wheat_seeds":11,"minecraft:beef":34,"minecraft:light_gray_wool":1,"minecraft:sugar_cane":14,"minecraft:egg":11,"minecraft:furnace":1,"minecraft:stick":2,"minecraft:raw_iron":3,"minecraft:torch":9,"minecraft:acacia_log":5,"minecraft:dandelion":1,"minecraft:porkchop":5,"minecraft:sand":3,"minecraft:white_bed":7,"minecraft:spider_eye":1,"minecraft:arrow":8,"minecraft:rotten_flesh":4,"minecraft:granite":8,"minecraft:gray_wool":1,"minecraft:oak_sapling":5,"minecraft:black_wool":3,"minecraft:mutton":51,"minecraft:coal":123,"minecraft:white_wool":31,"minecraft:cobblestone":35},"minecraft:broken":{"minecraft:wooden_sword":1,"minecraft:stone_axe":1},"minecraft:used":{"minecraft:stone_sword":162,"minecraft:stone_pickaxe":119,"minecraft:chest":1,"minecraft:wooden_pickaxe":48,"minecraft:cooked_chicken":2,"minecraft:white_wool":4,"minecraft:torch":10,"minecraft:sand":3,"minecraft:dirt":18,"minecraft:mutton":27,"minecraft:crafting_table":5,"minecraft:white_bed":8,"minecraft:wooden_axe":26,"minecraft:chicken":1,"minecraft:oak_stairs":1,"minecraft:stone_axe":176,"minecraft:wooden_sword":78,"minecraft:beef":3,"minecraft:furnace":2,"minecraft:porkchop":2,"minecraft:cooked_beef":7},"minecraft:dropped":{"minecraft:light_gray_wool":1,"minecraft:wooden_sword":1,"minecraft:spider_eye":1,"minecraft:acacia_planks":1,"minecraft:dandelion":1},"minecraft:crafted":{"minecraft:cooked_beef":39,"minecraft:wooden_sword":2,"minecraft:crossbow":4,"minecraft:oak_planks":460,"minecraft:emerald":31,"minecraft:crafting_table":1,"minecraft:cooked_chicken":2,"minecraft:wooden_pickaxe":2,"minecraft:iron_helmet":1,"minecraft:furnace":1,"minecraft:birch_planks":20,"minecraft:stone_axe":2,"minecraft:air":0,"minecraft:jungle_planks":48,"minecraft:bow":10,"minecraft:iron_boots":1,"minecraft:iron_chestplate":1,"minecraft:shield":1,"minecraft:stick":1024,"minecraft:iron_ingot":26,"minecraft:stone_pickaxe":1,"minecraft:wooden_axe":1,"minecraft:stone_sword":1,"minecraft:chest":1,"minecraft:iron_leggings":1,"minecraft:white_bed":1,"minecraft:acacia_planks":20,"minecraft:torch":4},"minecraft:custom":{"minecraft:interact_with_furnace":20,"minecraft:mob_kills":84,"minecraft:traded_with_villager":45,"minecraft:interact_with_crafting_table":20,"minecraft:leave_game":10,"minecraft:time_since_death":102577,"minecraft:sleep_in_bed":7,"minecraft:climb_one_cm":103,"minecraft:time_since_rest":17375,"minecraft:sprint_one_cm":276670,"minecraft:damage_taken":780,"minecraft:walk_one_cm":191676,"minecraft:drop":5,"minecraft:damage_dealt":7684,"minecraft:swim_one_cm":32076,"minecraft:talked_to_villager":13,"minecraft:fly_one_cm":353679,"minecraft:open_chest":13,"minecraft:play_time":102577,"minecraft:crouch_one_cm":8893,"minecraft:sneak_time":4472,"minecraft:walk_under_water_one_cm":4671,"minecraft:jump":1493,"minecraft:walk_on_water_one_cm":14356,"minecraft:total_world_time":102577,"minecraft:fall_one_cm":32482},"minecraft:mined":{"minecraft:white_bed":7,"minecraft:dandelion":1,"minecraft:crafting_table":4,"minecraft:torch":5,"minecraft:granite":8,"minecraft:acacia_log":4,"minecraft:grass_block":12,"minecraft:jungle_log":12,"minecraft:tall_grass":21,"minecraft:sugar_cane":6,"minecraft:wall_torch":4,"minecraft:furnace":1,"minecraft:birch_log":19,"minecraft:iron_ore":3,"minecraft:grass":109,"minecraft:oak_log":116,"minecraft:coal_ore":65,"minecraft:vine":1,"minecraft:oak_stairs":1,"minecraft:sand":3,"minecraft:dirt":43,"minecraft:stone":31,"minecraft:oak_leaves":11,"minecraft:fern":1},"minecraft:killed":{"minecraft:pig":3,"minecraft:spider":1,"minecraft:skeleton":5,"minecraft:sheep":36,"minecraft:zombie":3,"minecraft:chicken":18,"minecraft:cow":17}},"DataVersion":3465}