{"stats":{"minecraft:picked_up":{"minecraft:crafting_table":4,"minecraft:feather":1,"minecraft:chicken":2,"minecraft:leather":12,"minecraft:oak_log":6,"minecraft:dirt":30,"minecraft:bone":3,"minecraft:apple":1,"minecraft:wheat_seeds":8,"minecraft:beef":26,"minecraft:light_gray_wool":1,"minecraft:sugar_cane":7,"minecraft:egg":3,"minecraft:raw_iron":2,"minecraft:torch":3,"minecraft:dandelion":1,"minecraft:acacia_log":5,"minecraft:sand":3,"minecraft:white_bed":5,"minecraft:arrow":6,"minecraft:rotten_flesh":4,"minecraft:granite":8,"minecraft:gray_wool":1,"minecraft:oak_sapling":1,"minecraft:black_wool":3,"minecraft:mutton":28,"minecraft:coal":63,"minecraft:white_wool":15,"minecraft:cobblestone":27},"minecraft:broken":{"minecraft:wooden_sword":1},"minecraft:used":{"minecraft:stone_sword":72,"minecraft:stone_pickaxe":107,"minecraft:wooden_pickaxe":48,"minecraft:cooked_chicken":2,"minecraft:white_wool":2,"minecraft:torch":6,"minecraft:sand":3,"minecraft:mutton":22,"minecraft:crafting_table":4,"minecraft:white_bed":6,"minecraft:wooden_axe":26,"minecraft:wooden_sword":78,"minecraft:beef":3,"minecraft:furnace":1,"minecraft:cooked_beef":3},"minecraft:crafted":{"minecraft:cooked_beef":23,"minecraft:wooden_sword":2,"minecraft:oak_planks":24,"minecraft:crafting_table":1,"minecraft:wooden_pickaxe":2,"minecraft:cooked_chicken":2,"minecraft:furnace":1,"minecraft:air":0,"minecraft:stick":16,"minecraft:stone_pickaxe":1,"minecraft:wooden_axe":1,"minecraft:stone_sword":1,"minecraft:white_bed":1,"minecraft:acacia_planks":20,"minecraft:torch":4},"minecraft:custom":{"minecraft:interact_with_furnace":7,"minecraft:mob_kills":41,"minecraft:interact_with_crafting_table":12,"minecraft:leave_game":5,"minecraft:time_since_death":69024,"minecraft:sleep_in_bed":5,"minecraft:time_since_rest":11412,"minecraft:sprint_one_cm":151236,"minecraft:damage_taken":550,"minecraft:walk_one_cm":106692,"minecraft:damage_dealt":4395,"minecraft:swim_one_cm":30423,"minecraft:fly_one_cm":201013,"minecraft:crouch_one_cm":5952,"minecraft:play_time":69024,"minecraft:sneak_time":3037,"minecraft:walk_under_water_one_cm":4583,"minecraft:jump":823,"minecraft:walk_on_water_one_cm":13998,"minecraft:total_world_time":69024,"minecraft:fall_one_cm":13788},"minecraft:mined":{"minecraft:white_bed":5,"minecraft:dandelion":1,"minecraft:crafting_table":4,"minecraft:granite":8,"minecraft:acacia_log":4,"minecraft:grass_block":6,"minecraft:tall_grass":20,"minecraft:sugar_cane":4,"minecraft:wall_torch":3,"minecraft:iron_ore":2,"minecraft:grass":80,"minecraft:oak_log":6,"minecraft:coal_ore":63,"minecraft:sand":3,"minecraft:dirt":24,"minecraft:stone":27},"minecraft:killed":{"minecraft:sheep":20,"minecraft:skeleton":4,"minecraft:zombie":2,"minecraft:chicken":2,"minecraft:cow":12}},"DataVersion":3465}