{"stats":{"minecraft:mined":{"minecraft:diamond_ore":9,"minecraft:white_bed":1,"minecraft:dark_oak_log":12,"minecraft:obsidian":18,"minecraft:granite":36,"minecraft:acacia_log":4,"minecraft:grass_block":6,"minecraft:crimson_roots":1,"minecraft:cracked_polished_blackstone_bricks":6,"minecraft:nether_wart":6,"minecraft:hay_block":81,"minecraft:polished_blackstone_bricks":6,"minecraft:redstone_ore":6,"minecraft:furnace":4,"minecraft:iron_ore":14,"minecraft:andesite":46,"minecraft:gold_block":4,"minecraft:stone":978,"minecraft:acacia_leaves":1,"minecraft:soul_sand":2,"minecraft:crimson_nylium":3,"minecraft:crafting_table":6,"minecraft:blast_furnace":1,"minecraft:dead_bush":3,"minecraft:tall_grass":13,"minecraft:cobblestone":5,"minecraft:lapis_ore":3,"minecraft:sugar_cane":10,"minecraft:diorite":4,"minecraft:wall_torch":7,"minecraft:lime_bed":4,"minecraft:nether_wart_block":1,"minecraft:yellow_bed":2,"minecraft:grass":66,"minecraft:oak_log":2,"minecraft:coal_ore":16,"minecraft:dirt":11,"minecraft:gravel":10,"minecraft:sand":2,"minecraft:netherrack":175,"minecraft:gold_ore":8},"minecraft:custom":{"minecraft:mob_kills":32,"minecraft:interact_with_crafting_table":24,"minecraft:bell_ring":1,"minecraft:leave_game":14,"minecraft:time_since_death":150473,"minecraft:sprint_one_cm":441746,"minecraft:walk_one_cm":262727,"minecraft:damage_blocked_by_shield":170,"minecraft:drop":36,"minecraft:talked_to_villager":3,"minecraft:sneak_time":19076,"minecraft:walk_under_water_one_cm":4999,"minecraft:boat_one_cm":265630,"minecraft:jump":2858,"minecraft:walk_on_water_one_cm":13146,"minecraft:interact_with_furnace":38,"minecraft:play_one_minute":150473,"minecraft:interact_with_grindstone":1,"minecraft:sleep_in_bed":9,"minecraft:time_since_rest":30372,"minecraft:damage_taken":1216,"minecraft:damage_dealt":5783,"minecraft:fly_one_cm":672605,"minecraft:swim_one_cm":12269,"minecraft:player_kills":2,"minecraft:open_chest":42,"minecraft:pig_one_cm":1510,"minecraft:crouch_one_cm":48906,"minecraft:fall_one_cm":74863},"minecraft:killed":{"minecraft:spider":1,"minecraft:skeleton":4,"minecraft:chicken":6,"minecraft:piglin_brute":1,"minecraft:piglin":7,"minecraft:husk":1,"minecraft:pig":1,"minecraft:bat":1,"minecraft:hoglin":2,"minecraft:creeper":1,"minecraft:sheep":1,"minecraft:zombie":3,"minecraft:cow":2},"minecraft:picked_up":{"minecraft:wooden_axe":1,"minecraft:crafting_table":6,"minecraft:wheat":35,"minecraft:chicken":6,"minecraft:nether_wart":21,"minecraft:wooden_pickaxe":1,"minecraft:gold_block":4,"minecraft:string":1,"minecraft:beef":4,"minecraft:sugar_cane":42,"minecraft:furnace":4,"minecraft:stick":1,"minecraft:torch":6,"minecraft:acacia_log":4,"minecraft:porkchop":5,"minecraft:polished_blackstone_bricks":6,"minecraft:diorite":3,"minecraft:redstone":26,"minecraft:dark_oak_planks":4,"minecraft:arrow":4,"minecraft:rotten_flesh":8,"minecraft:hay_block":91,"minecraft:mutton":3,"minecraft:obsidian":15,"minecraft:cobblestone":976,"minecraft:white_wool":2,"minecraft:lime_bed":4,"minecraft:feather":4,"minecraft:andesite":45,"minecraft:leather":2,"minecraft:flint":2,"minecraft:oak_log":3,"minecraft:yellow_bed":2,"minecraft:gunpowder":2,"minecraft:acacia_boat":6,"minecraft:lapis_lazuli":16,"minecraft:dirt":17,"minecraft:bone":5,"minecraft:wheat_seeds":9,"minecraft:iron_ingot":2,"minecraft:iron_ore":20,"minecraft:soul_sand":2,"minecraft:gravel":8,"minecraft:sand":1,"minecraft:blast_furnace":1,"minecraft:white_bed":1,"minecraft:gold_ore":8,"minecraft:dark_oak_log":12,"minecraft:diamond":9,"minecraft:cracked_polished_blackstone_bricks":4,"minecraft:granite":32,"minecraft:piglin_banner_pattern":5,"minecraft:netherrack":177,"minecraft:coal":32,"minecraft:crimson_roots":1},"minecraft:used":{"minecraft:flint_and_steel":1,"minecraft:chest":4,"minecraft:shield":4,"minecraft:cooked_chicken":6,"minecraft:rotten_flesh":8,"minecraft:netherrack":130,"minecraft:torch":5,"minecraft:dirt":13,"minecraft:mutton":3,"minecraft:obsidian":10,"minecraft:lava_bucket":7,"minecraft:beef":4,"minecraft:hay_block":1,"minecraft:furnace":5,"minecraft:golden_axe":13,"minecraft:acacia_boat":6,"minecraft:water_bucket":4,"minecraft:lime_bed":3,"minecraft:crafting_table":8,"minecraft:white_bed":1,"minecraft:diamond_pickaxe":1179,"minecraft:apple":8,"minecraft:cracked_polished_blackstone_bricks":1,"minecraft:bread":23,"minecraft:iron_pickaxe":191,"minecraft:gravel":7,"minecraft:diamond_sword":214,"minecraft:cobblestone":146,"minecraft:cooked_porkchop":2,"minecraft:andesite":37,"minecraft:bucket":13,"minecraft:yellow_bed":2},"minecraft:crafted":{"minecraft:oak_planks":8,"minecraft:cooked_chicken":6,"minecraft:furnace":1,"minecraft:flint_and_steel":1,"minecraft:chest":5,"minecraft:netherite_scrap":1,"minecraft:dark_oak_planks":48,"minecraft:wheat":684,"minecraft:diamond_sword":1,"minecraft:cooked_porkchop":5,"minecraft:crafting_table":2,"minecraft:iron_helmet":1,"minecraft:bucket":2,"minecraft:acacia_boat":1,"minecraft:bread":218,"minecraft:air":0,"minecraft:diamond_pickaxe":1,"minecraft:shield":1,"minecraft:stick":8,"minecraft:iron_ingot":39,"minecraft:iron_pickaxe":1,"minecraft:acacia_planks":16,"minecraft:diamond_chestplate":1},"minecraft:dropped":{"minecraft:soul_sand":2,"minecraft:wheat_seeds":9,"minecraft:golden_helmet":1,"minecraft:oak_log":1,"minecraft:leather":2,"minecraft:granite":5,"minecraft:torch":1,"minecraft:wooden_axe":1,"minecraft:gilded_blackstone":1,"minecraft:bone_block":5,"minecraft:sand":1,"minecraft:polished_blackstone_bricks":6,"minecraft:iron_pickaxe":1,"minecraft:dark_oak_planks":4,"minecraft:acacia_planks":2,"minecraft:sugar_cane":21,"minecraft:golden_chestplate":1,"minecraft:wheat":11,"minecraft:iron_boots":1,"minecraft:filled_map":1,"minecraft:hay_block":2,"minecraft:gunpowder":1,"minecraft:piglin_banner_pattern":7,"minecraft:arrow":12,"minecraft:wooden_pickaxe":1}},"DataVersion":2586}