{"stats":{"minecraft:custom":{"minecraft:time_since_rest":2195,"minecraft:sprint_one_cm":63079,"minecraft:damage_taken":520,"minecraft:walk_one_cm":73044,"minecraft:mob_kills":1,"minecraft:drop":1,"minecraft:damage_dealt":247,"minecraft:swim_one_cm":8103,"minecraft:interact_with_crafting_table":3,"minecraft:fly_one_cm":85739,"minecraft:crouch_one_cm":526,"minecraft:play_time":41474,"minecraft:deaths":2,"minecraft:sneak_time":377,"minecraft:walk_under_water_one_cm":9826,"minecraft:jump":356,"minecraft:leave_game":11,"minecraft:walk_on_water_one_cm":11047,"minecraft:time_since_death":2167,"minecraft:total_world_time":41474,"minecraft:fall_one_cm":7607},"minecraft:crafted":{"minecraft:wooden_sword":1,"minecraft:oak_planks":60,"minecraft:crafting_table":1,"minecraft:stick":8,"minecraft:wooden_pickaxe":1,"minecraft:wooden_axe":1},"minecraft:killed":{"minecraft:sheep":1},"minecraft:mined":{"minecraft:crafting_table":1,"minecraft:grass":27,"minecraft:oak_log":15,"minecraft:sunflower":4,"minecraft:tall_grass":5,"minecraft:oak_leaves":6},"minecraft:killed_by":{"minecraft:skeleton":2},"minecraft:dropped":{"minecraft:wheat_seeds":1},"minecraft:used":{"minecraft:wooden_axe":12,"minecraft:sunflower":1,"minecraft:wooden_sword":1,"minecraft:mutton":1,"minecraft:crafting_table":1,"minecraft:egg":2},"minecraft:picked_up":{"minecraft:crafting_table":1,"minecraft:oak_log":15,"minecraft:wheat_seeds":1,"minecraft:mutton":1,"minecraft:white_wool":1,"minecraft:sunflower":1,"minecraft:egg":2}},"DataVersion":3465}