{"stats":{"minecraft:picked_up":{"minecraft:crafting_table":4,"minecraft:feather":1,"minecraft:chicken":2,"minecraft:leather":12,"minecraft:dandelion":1,"minecraft:acacia_log":5,"minecraft:sand":3,"minecraft:oak_log":6,"minecraft:white_bed":3,"minecraft:dirt":30,"minecraft:apple":1,"minecraft:wheat_seeds":7,"minecraft:granite":8,"minecraft:beef":26,"minecraft:gray_wool":1,"minecraft:light_gray_wool":1,"minecraft:oak_sapling":1,"minecraft:black_wool":3,"minecraft:sugar_cane":4,"minecraft:mutton":27,"minecraft:white_wool":14,"minecraft:cobblestone":13,"minecraft:egg":3},"minecraft:broken":{"minecraft:wooden_sword":1},"minecraft:used":{"minecraft:wooden_axe":26,"minecraft:stone_sword":34,"minecraft:stone_pickaxe":11,"minecraft:wooden_pickaxe":48,"minecraft:wooden_sword":78,"minecraft:sand":3,"minecraft:mutton":16,"minecraft:beef":3,"minecraft:crafting_table":4,"minecraft:white_bed":3},"minecraft:crafted":{"minecraft:wooden_sword":2,"minecraft:oak_planks":24,"minecraft:crafting_table":1,"minecraft:stick":16,"minecraft:wooden_pickaxe":2,"minecraft:stone_pickaxe":1,"minecraft:wooden_axe":1,"minecraft:stone_sword":1,"minecraft:furnace":1,"minecraft:white_bed":1,"minecraft:acacia_planks":20},"minecraft:custom":{"minecraft:time_since_rest":12427,"minecraft:sprint_one_cm":123271,"minecraft:walk_one_cm":55797,"minecraft:mob_kills":33,"minecraft:damage_dealt":2920,"minecraft:swim_one_cm":26261,"minecraft:interact_with_crafting_table":12,"minecraft:fly_one_cm":167583,"minecraft:crouch_one_cm":3509,"minecraft:play_time":50197,"minecraft:sneak_time":1699,"minecraft:walk_under_water_one_cm":4362,"minecraft:jump":643,"minecraft:leave_game":4,"minecraft:time_since_death":50197,"minecraft:walk_on_water_one_cm":13203,"minecraft:sleep_in_bed":3,"minecraft:total_world_time":50197,"minecraft:fall_one_cm":11218},"minecraft:mined":{"minecraft:white_bed":3,"minecraft:dandelion":1,"minecraft:crafting_table":4,"minecraft:granite":8,"minecraft:grass":63,"minecraft:acacia_log":4,"minecraft:grass_block":6,"minecraft:oak_log":6,"minecraft:sand":3,"minecraft:dirt":24,"minecraft:tall_grass":20,"minecraft:stone":13,"minecraft:sugar_cane":2},"minecraft:killed":{"minecraft:sheep":19,"minecraft:chicken":2,"minecraft:cow":12}},"DataVersion":3465}