{"stats":{"minecraft:broken":{"minecraft:iron_pickaxe":5},"minecraft:mined":{"minecraft:diamond_ore":15,"minecraft:white_bed":1,"minecraft:dark_oak_log":13,"minecraft:obsidian":18,"minecraft:granite":66,"minecraft:acacia_log":4,"minecraft:grass_block":14,"minecraft:crimson_roots":1,"minecraft:cracked_polished_blackstone_bricks":6,"minecraft:nether_wart":6,"minecraft:hay_block":81,"minecraft:polished_blackstone_bricks":6,"minecraft:redstone_ore":15,"minecraft:furnace":4,"minecraft:fire":1,"minecraft:iron_ore":18,"minecraft:andesite":93,"minecraft:gold_block":4,"minecraft:stone":2007,"minecraft:acacia_leaves":1,"minecraft:soul_sand":2,"minecraft:crimson_nylium":3,"minecraft:crafting_table":6,"minecraft:torch":1,"minecraft:blast_furnace":1,"minecraft:dead_bush":3,"minecraft:tall_grass":13,"minecraft:cobblestone":13,"minecraft:lapis_ore":3,"minecraft:sugar_cane":10,"minecraft:diorite":91,"minecraft:wall_torch":9,"minecraft:lime_bed":4,"minecraft:nether_wart_block":1,"minecraft:yellow_bed":2,"minecraft:grass":66,"minecraft:oak_log":2,"minecraft:coal_ore":27,"minecraft:dirt":65,"minecraft:gravel":10,"minecraft:sand":2,"minecraft:netherrack":175,"minecraft:gold_ore":12},"minecraft:custom":{"minecraft:mob_kills":38,"minecraft:interact_with_crafting_table":30,"minecraft:bell_ring":1,"minecraft:leave_game":16,"minecraft:time_since_death":189122,"minecraft:sprint_one_cm":482990,"minecraft:walk_one_cm":344398,"minecraft:damage_blocked_by_shield":170,"minecraft:drop":51,"minecraft:talked_to_villager":4,"minecraft:sneak_time":23530,"minecraft:walk_under_water_one_cm":4999,"minecraft:boat_one_cm":265630,"minecraft:jump":3201,"minecraft:interact_with_blast_furnace":3,"minecraft:walk_on_water_one_cm":13357,"minecraft:interact_with_furnace":38,"minecraft:play_one_minute":189122,"minecraft:interact_with_grindstone":1,"minecraft:sleep_in_bed":9,"minecraft:time_since_rest":69021,"minecraft:damage_taken":1431,"minecraft:damage_dealt":7007,"minecraft:fly_one_cm":707390,"minecraft:swim_one_cm":12269,"minecraft:player_kills":2,"minecraft:open_chest":54,"minecraft:pig_one_cm":1510,"minecraft:crouch_one_cm":58564,"minecraft:fall_one_cm":76271},"minecraft:killed":{"minecraft:spider":1,"minecraft:skeleton":4,"minecraft:chicken":6,"minecraft:piglin_brute":1,"minecraft:piglin":7,"minecraft:husk":1,"minecraft:pig":1,"minecraft:bat":1,"minecraft:hoglin":2,"minecraft:creeper":2,"minecraft:sheep":1,"minecraft:zombie":8,"minecraft:cow":2},"minecraft:picked_up":{"minecraft:wooden_axe":1,"minecraft:crafting_table":6,"minecraft:wheat":35,"minecraft:chicken":6,"minecraft:nether_wart":21,"minecraft:wooden_pickaxe":1,"minecraft:gold_block":4,"minecraft:string":1,"minecraft:beef":4,"minecraft:sugar_cane":42,"minecraft:furnace":4,"minecraft:stick":1,"minecraft:torch":10,"minecraft:acacia_log":4,"minecraft:porkchop":5,"minecraft:polished_blackstone_bricks":6,"minecraft:diorite":90,"minecraft:redstone":69,"minecraft:dark_oak_planks":4,"minecraft:arrow":4,"minecraft:rotten_flesh":12,"minecraft:hay_block":91,"minecraft:mutton":3,"minecraft:obsidian":15,"minecraft:cobblestone":1998,"minecraft:white_wool":2,"minecraft:lime_bed":4,"minecraft:feather":4,"minecraft:andesite":89,"minecraft:leather":2,"minecraft:potato":1,"minecraft:flint":2,"minecraft:oak_log":3,"minecraft:yellow_bed":2,"minecraft:gunpowder":2,"minecraft:acacia_boat":6,"minecraft:lapis_lazuli":16,"minecraft:dirt":79,"minecraft:bone":5,"minecraft:wheat_seeds":9,"minecraft:iron_ingot":2,"minecraft:iron_ore":24,"minecraft:soul_sand":2,"minecraft:gravel":8,"minecraft:sand":1,"minecraft:blast_furnace":1,"minecraft:white_bed":1,"minecraft:gold_ore":12,"minecraft:dark_oak_log":13,"minecraft:diamond":14,"minecraft:cracked_polished_blackstone_bricks":4,"minecraft:granite":62,"minecraft:piglin_banner_pattern":5,"minecraft:netherrack":177,"minecraft:coal":43,"minecraft:crimson_roots":1},"minecraft:used":{"minecraft:iron_shovel":40,"minecraft:flint_and_steel":1,"minecraft:chest":4,"minecraft:shield":4,"minecraft:cooked_chicken":6,"minecraft:rotten_flesh":8,"minecraft:netherrack":130,"minecraft:torch":16,"minecraft:dirt":13,"minecraft:mutton":3,"minecraft:obsidian":10,"minecraft:lava_bucket":8,"minecraft:beef":4,"minecraft:hay_block":1,"minecraft:furnace":5,"minecraft:golden_axe":13,"minecraft:acacia_boat":6,"minecraft:water_bucket":4,"minecraft:lime_bed":4,"minecraft:crafting_table":8,"minecraft:blast_furnace":1,"minecraft:white_bed":1,"minecraft:diamond_pickaxe":1179,"minecraft:apple":8,"minecraft:cracked_polished_blackstone_bricks":1,"minecraft:bread":28,"minecraft:iron_pickaxe":1448,"minecraft:gravel":7,"minecraft:diamond_sword":224,"minecraft:cobblestone":243,"minecraft:cooked_porkchop":2,"minecraft:andesite":37,"minecraft:bucket":14,"minecraft:yellow_bed":2},"minecraft:crafted":{"minecraft:oak_planks":8,"minecraft:cooked_chicken":6,"minecraft:furnace":1,"minecraft:flint_and_steel":1,"minecraft:chest":5,"minecraft:netherite_scrap":1,"minecraft:dark_oak_planks":52,"minecraft:wheat":684,"minecraft:diamond_sword":1,"minecraft:cooked_porkchop":5,"minecraft:crafting_table":2,"minecraft:iron_helmet":1,"minecraft:bucket":2,"minecraft:acacia_boat":1,"minecraft:bread":218,"minecraft:air":0,"minecraft:diamond_pickaxe":1,"minecraft:shield":1,"minecraft:stick":24,"minecraft:iron_ingot":39,"minecraft:iron_pickaxe":7,"minecraft:iron_shovel":1,"minecraft:acacia_planks":16,"minecraft:torch":8,"minecraft:diamond_chestplate":1},"minecraft:dropped":{"minecraft:soul_sand":2,"minecraft:wheat_seeds":9,"minecraft:golden_helmet":1,"minecraft:oak_log":1,"minecraft:cobblestone":822,"minecraft:leather":2,"minecraft:granite":5,"minecraft:torch":1,"minecraft:wooden_axe":1,"minecraft:gilded_blackstone":1,"minecraft:bone_block":5,"minecraft:sand":1,"minecraft:polished_blackstone_bricks":6,"minecraft:iron_pickaxe":1,"minecraft:dark_oak_planks":4,"minecraft:acacia_planks":2,"minecraft:sugar_cane":21,"minecraft:golden_chestplate":1,"minecraft:wheat":11,"minecraft:iron_boots":1,"minecraft:filled_map":1,"minecraft:hay_block":2,"minecraft:gunpowder":1,"minecraft:piglin_banner_pattern":7,"minecraft:andesite":8,"minecraft:arrow":12,"minecraft:wooden_pickaxe":1}},"DataVersion":2586}