{"stats":{"minecraft:mined":{"minecraft:white_bed":1,"minecraft:obsidian":13,"minecraft:crafting_table":6,"minecraft:granite":5,"minecraft:acacia_log":2,"minecraft:grass_block":5,"minecraft:tall_grass":9,"minecraft:cobblestone":4,"minecraft:diorite":1,"minecraft:wall_torch":7,"minecraft:furnace":4,"minecraft:iron_ore":12,"minecraft:andesite":1,"minecraft:gold_block":1,"minecraft:yellow_bed":1,"minecraft:grass":43,"minecraft:oak_log":2,"minecraft:coal_ore":10,"minecraft:gravel":8,"minecraft:sand":1,"minecraft:dirt":8,"minecraft:stone":89},"minecraft:custom":{"minecraft:interact_with_furnace":24,"minecraft:mob_kills":15,"minecraft:interact_with_crafting_table":11,"minecraft:play_one_minute":45688,"minecraft:bell_ring":1,"minecraft:interact_with_grindstone":1,"minecraft:leave_game":7,"minecraft:time_since_death":45688,"minecraft:sleep_in_bed":2,"minecraft:time_since_rest":9923,"minecraft:sprint_one_cm":156788,"minecraft:damage_taken":475,"minecraft:walk_one_cm":83103,"minecraft:damage_blocked_by_shield":50,"minecraft:drop":6,"minecraft:damage_dealt":3392,"minecraft:talked_to_villager":2,"minecraft:player_kills":2,"minecraft:fly_one_cm":240087,"minecraft:pig_one_cm":312,"minecraft:open_chest":7,"minecraft:crouch_one_cm":12557,"minecraft:sneak_time":6289,"minecraft:jump":1030,"minecraft:walk_on_water_one_cm":2023,"minecraft:fall_one_cm":26491},"minecraft:killed":{"minecraft:piglin":1,"minecraft:pig":1,"minecraft:bat":1,"minecraft:creeper":1,"minecraft:sheep":1,"minecraft:skeleton":4,"minecraft:zombie":2,"minecraft:chicken":2,"minecraft:cow":2},"minecraft:picked_up":{"minecraft:wooden_axe":1,"minecraft:crafting_table":6,"minecraft:feather":2,"minecraft:chicken":2,"minecraft:leather":2,"minecraft:wooden_pickaxe":1,"minecraft:gold_block":1,"minecraft:flint":1,"minecraft:oak_log":3,"minecraft:yellow_bed":1,"minecraft:gunpowder":1,"minecraft:dirt":13,"minecraft:bone":5,"minecraft:wheat_seeds":9,"minecraft:iron_ingot":2,"minecraft:beef":4,"minecraft:iron_ore":17,"minecraft:furnace":4,"minecraft:torch":6,"minecraft:acacia_log":2,"minecraft:porkchop":1,"minecraft:gravel":7,"minecraft:sand":1,"minecraft:white_bed":1,"minecraft:arrow":4,"minecraft:rotten_flesh":8,"minecraft:granite":5,"minecraft:obsidian":10,"minecraft:mutton":3,"minecraft:coal":27,"minecraft:white_wool":2,"minecraft:cobblestone":89},"minecraft:used":{"minecraft:water_bucket":4,"minecraft:flint_and_steel":1,"minecraft:shield":1,"minecraft:cooked_chicken":2,"minecraft:rotten_flesh":8,"minecraft:torch":5,"minecraft:dirt":13,"minecraft:mutton":3,"minecraft:crafting_table":6,"minecraft:white_bed":1,"minecraft:obsidian":10,"minecraft:lava_bucket":1,"minecraft:diamond_pickaxe":61,"minecraft:apple":5,"minecraft:bread":3,"minecraft:iron_pickaxe":97,"minecraft:gravel":7,"minecraft:diamond_sword":78,"minecraft:cobblestone":33,"minecraft:beef":4,"minecraft:cooked_porkchop":1,"minecraft:furnace":4,"minecraft:bucket":7},"minecraft:dropped":{"minecraft:wheat_seeds":3,"minecraft:oak_log":1,"minecraft:wooden_axe":1,"minecraft:wooden_pickaxe":1},"minecraft:crafted":{"minecraft:oak_planks":8,"minecraft:diamond_sword":1,"minecraft:cooked_porkchop":1,"minecraft:crafting_table":1,"minecraft:cooked_chicken":2,"minecraft:iron_helmet":1,"minecraft:furnace":1,"minecraft:bucket":2,"minecraft:air":0,"minecraft:flint_and_steel":1,"minecraft:diamond_pickaxe":1,"minecraft:shield":1,"minecraft:stick":8,"minecraft:iron_ingot":12,"minecraft:iron_pickaxe":1,"minecraft:acacia_planks":8}},"DataVersion":2586}