{"stats":{"minecraft:mined":{"minecraft:acacia_leaves":4,"minecraft:red_bed":1,"minecraft:kelp_plant":1,"minecraft:dandelion":1,"minecraft:crafting_table":2,"minecraft:granite":9,"minecraft:acacia_log":15,"minecraft:melon":12,"minecraft:tall_grass":2,"minecraft:kelp":1,"minecraft:sandstone":34,"minecraft:furnace":1,"minecraft:andesite":8,"minecraft:grass":26,"minecraft:coal_ore":21,"minecraft:gravel":13,"minecraft:sand":23,"minecraft:stone":61,"minecraft:orange_bed":5},"minecraft:custom":{"minecraft:interact_with_furnace":2,"minecraft:mob_kills":12,"minecraft:interact_with_crafting_table":4,"minecraft:play_one_minute":44902,"minecraft:bell_ring":21,"minecraft:leave_game":2,"minecraft:time_since_death":44902,"minecraft:sleep_in_bed":5,"minecraft:time_since_rest":3974,"minecraft:sprint_one_cm":76757,"minecraft:damage_taken":210,"minecraft:walk_one_cm":54135,"minecraft:drop":5,"minecraft:damage_dealt":1950,"minecraft:swim_one_cm":2899,"minecraft:talked_to_villager":3,"minecraft:fly_one_cm":165681,"minecraft:open_chest":6,"minecraft:crouch_one_cm":14205,"minecraft:sneak_time":5849,"minecraft:walk_under_water_one_cm":464,"minecraft:jump":737,"minecraft:walk_on_water_one_cm":1064,"minecraft:fall_one_cm":22428},"minecraft:killed":{"minecraft:pig":1,"minecraft:iron_golem":1,"minecraft:sheep":10},"minecraft:picked_up":{"minecraft:crafting_table":2,"minecraft:andesite":8,"minecraft:cut_sandstone":4,"minecraft:brown_wool":1,"minecraft:wooden_pickaxe":1,"minecraft:flint":2,"minecraft:red_bed":1,"minecraft:kelp":3,"minecraft:wheat_seeds":5,"minecraft:iron_ingot":5,"minecraft:poppy":2,"minecraft:light_gray_wool":1,"minecraft:melon_slice":63,"minecraft:acacia_sapling":1,"minecraft:furnace":1,"minecraft:sandstone":84,"minecraft:dandelion":1,"minecraft:acacia_log":15,"minecraft:gravel":11,"minecraft:porkchop":1,"minecraft:sand":25,"minecraft:orange_bed":5,"minecraft:granite":9,"minecraft:melon_seeds":1,"minecraft:mutton":19,"minecraft:coal":21,"minecraft:white_wool":9,"minecraft:cobblestone":61},"minecraft:used":{"minecraft:cooked_mutton":5,"minecraft:stone_pickaxe":130,"minecraft:wooden_pickaxe":16,"minecraft:sandstone":72,"minecraft:cut_sandstone":4,"minecraft:orange_bed":5,"minecraft:sand":11,"minecraft:crafting_table":1,"minecraft:red_bed":1,"minecraft:acacia_sapling":1,"minecraft:granite":1,"minecraft:bread":1,"minecraft:brown_wool":1,"minecraft:gravel":4,"minecraft:stone_axe":96,"minecraft:light_gray_wool":1,"minecraft:furnace":1,"minecraft:andesite":3},"minecraft:crafted":{"minecraft:wooden_pickaxe":1,"minecraft:furnace":1,"minecraft:stone_axe":1,"minecraft:cooked_mutton":5,"minecraft:air":0,"minecraft:stick":8,"minecraft:stone_pickaxe":1,"minecraft:acacia_planks":28},"minecraft:dropped":{"minecraft:kelp":3,"minecraft:wheat_seeds":1,"minecraft:wooden_pickaxe":1}},"DataVersion":2586}