{"stats":{"minecraft:mined":{"minecraft:acacia_leaves":4,"minecraft:kelp_plant":1,"minecraft:dandelion":1,"minecraft:crafting_table":2,"minecraft:granite":9,"minecraft:acacia_log":15,"minecraft:melon":12,"minecraft:tall_grass":2,"minecraft:kelp":1,"minecraft:sandstone":22,"minecraft:furnace":1,"minecraft:andesite":8,"minecraft:grass":25,"minecraft:coal_ore":21,"minecraft:gravel":13,"minecraft:sand":23,"minecraft:stone":61,"minecraft:orange_bed":4},"minecraft:custom":{"minecraft:interact_with_furnace":2,"minecraft:mob_kills":12,"minecraft:interact_with_crafting_table":4,"minecraft:play_one_minute":28230,"minecraft:bell_ring":8,"minecraft:leave_game":1,"minecraft:time_since_death":28230,"minecraft:sleep_in_bed":2,"minecraft:time_since_rest":5233,"minecraft:sprint_one_cm":69897,"minecraft:damage_taken":180,"minecraft:walk_one_cm":36898,"minecraft:drop":5,"minecraft:damage_dealt":1950,"minecraft:swim_one_cm":2899,"minecraft:talked_to_villager":3,"minecraft:fly_one_cm":153328,"minecraft:open_chest":6,"minecraft:crouch_one_cm":13503,"minecraft:sneak_time":5682,"minecraft:walk_under_water_one_cm":464,"minecraft:jump":650,"minecraft:walk_on_water_one_cm":880,"minecraft:fall_one_cm":20377},"minecraft:killed":{"minecraft:pig":1,"minecraft:iron_golem":1,"minecraft:sheep":10},"minecraft:picked_up":{"minecraft:crafting_table":2,"minecraft:andesite":8,"minecraft:cut_sandstone":4,"minecraft:brown_wool":1,"minecraft:wooden_pickaxe":1,"minecraft:flint":2,"minecraft:kelp":3,"minecraft:wheat_seeds":5,"minecraft:iron_ingot":5,"minecraft:poppy":2,"minecraft:light_gray_wool":1,"minecraft:melon_slice":63,"minecraft:acacia_sapling":1,"minecraft:furnace":1,"minecraft:sandstone":72,"minecraft:dandelion":1,"minecraft:acacia_log":15,"minecraft:gravel":11,"minecraft:porkchop":1,"minecraft:sand":23,"minecraft:orange_bed":4,"minecraft:granite":9,"minecraft:melon_seeds":1,"minecraft:mutton":19,"minecraft:coal":21,"minecraft:white_wool":9,"minecraft:cobblestone":61},"minecraft:used":{"minecraft:cooked_mutton":5,"minecraft:stone_pickaxe":118,"minecraft:wooden_pickaxe":16,"minecraft:sandstone":40,"minecraft:cut_sandstone":4,"minecraft:orange_bed":4,"minecraft:crafting_table":1,"minecraft:acacia_sapling":1,"minecraft:granite":1,"minecraft:bread":1,"minecraft:brown_wool":1,"minecraft:gravel":4,"minecraft:stone_axe":94,"minecraft:light_gray_wool":1,"minecraft:furnace":1},"minecraft:crafted":{"minecraft:wooden_pickaxe":1,"minecraft:furnace":1,"minecraft:stone_axe":1,"minecraft:cooked_mutton":5,"minecraft:air":0,"minecraft:stick":8,"minecraft:stone_pickaxe":1,"minecraft:acacia_planks":28},"minecraft:dropped":{"minecraft:kelp":3,"minecraft:wheat_seeds":1,"minecraft:wooden_pickaxe":1}},"DataVersion":2586}