{"stats":{"minecraft:custom":{"minecraft:interact_with_furnace":3,"minecraft:mob_kills":25,"minecraft:animals_bred":4,"minecraft:interact_with_crafting_table":10,"minecraft:leave_game":2,"minecraft:time_since_death":43044,"minecraft:sleep_in_bed":2,"minecraft:time_since_rest":7016,"minecraft:sprint_one_cm":90055,"minecraft:damage_taken":590,"minecraft:walk_one_cm":84626,"minecraft:drop":6,"minecraft:damage_dealt":2390,"minecraft:swim_one_cm":45425,"minecraft:talked_to_villager":2,"minecraft:fly_one_cm":171676,"minecraft:open_chest":1,"minecraft:crouch_one_cm":9513,"minecraft:play_time":43044,"minecraft:sneak_time":3425,"minecraft:walk_under_water_one_cm":10478,"minecraft:boat_one_cm":120224,"minecraft:jump":933,"minecraft:walk_on_water_one_cm":8123,"minecraft:total_world_time":43044,"minecraft:fish_caught":9,"minecraft:fall_one_cm":28273},"minecraft:used":{"minecraft:oak_fence":1,"minecraft:acacia_boat":4,"minecraft:stone_pickaxe":99,"minecraft:wooden_pickaxe":9,"minecraft:oak_door":1,"minecraft:torch":11,"minecraft:dirt":2,"minecraft:crafting_table":5,"minecraft:white_bed":2,"minecraft:acacia_button":1,"minecraft:wooden_axe":6,"minecraft:cornflower":1,"minecraft:leather_helmet":1,"minecraft:stone_axe":64,"minecraft:pink_petals":6,"minecraft:fishing_rod":24,"minecraft:beef":2,"minecraft:furnace":1,"minecraft:porkchop":5,"minecraft:egg":5,"minecraft:cooked_beef":6},"minecraft:crafted":{"minecraft:cooked_beef":6,"minecraft:oak_door":3,"minecraft:oak_planks":20,"minecraft:crafting_table":2,"minecraft:wooden_pickaxe":1,"minecraft:furnace":1,"minecraft:leather_helmet":1,"minecraft:acacia_button":1,"minecraft:stone_axe":1,"minecraft:acacia_boat":1,"minecraft:air":0,"minecraft:stick":12,"minecraft:stone_pickaxe":1,"minecraft:wooden_axe":1,"minecraft:white_bed":1,"minecraft:acacia_planks":24,"minecraft:torch":16},"minecraft:picked_up":{"minecraft:pink_petals":6,"minecraft:crafting_table":4,"minecraft:salmon":10,"minecraft:leather":15,"minecraft:oak_log":5,"minecraft:acacia_boat":4,"minecraft:cornflower":1,"minecraft:string":1,"minecraft:dirt":3,"minecraft:pufferfish":2,"minecraft:bone":3,"minecraft:kelp":14,"minecraft:wheat_seeds":17,"minecraft:beef":25,"minecraft:stone_pickaxe":1,"minecraft:sugar_cane":12,"minecraft:birch_sapling":1,"minecraft:furnace":1,"minecraft:egg":5,"minecraft:raw_iron":5,"minecraft:oak_fence":1,"minecraft:dandelion":4,"minecraft:torch":4,"minecraft:acacia_log":6,"minecraft:porkchop":13,"minecraft:cherry_log":2,"minecraft:white_bed":2,"minecraft:arrow":2,"minecraft:cod":2,"minecraft:mutton":8,"minecraft:coal":66,"minecraft:white_wool":5,"minecraft:cobblestone":46},"minecraft:killed":{"minecraft:pig":7,"minecraft:spider":1,"minecraft:sheep":5,"minecraft:skeleton":1,"minecraft:cow":11},"minecraft:mined":{"minecraft:white_bed":2,"minecraft:cherry_log":2,"minecraft:dandelion":4,"minecraft:cornflower":1,"minecraft:oak_fence":1,"minecraft:crafting_table":4,"minecraft:torch":2,"minecraft:acacia_log":7,"minecraft:tall_grass":9,"minecraft:sugar_cane":5,"minecraft:wall_torch":2,"minecraft:pink_petals":3,"minecraft:furnace":1,"minecraft:iron_ore":5,"minecraft:birch_leaves":2,"minecraft:grass":83,"minecraft:coal_ore":52,"minecraft:oak_log":5,"minecraft:dirt_path":1,"minecraft:dirt":2,"minecraft:sand":1,"minecraft:stone":46,"minecraft:oak_leaves":2},"minecraft:dropped":{"minecraft:kelp":1,"minecraft:wheat_seeds":1,"minecraft:salmon":5,"minecraft:wooden_axe":1,"minecraft:stone_pickaxe":1,"minecraft:wooden_pickaxe":1}},"DataVersion":3465}