{"stats":{"minecraft:mined":{"minecraft:acacia_log":7,"minecraft:grass":7,"minecraft:acacia_leaves":3,"minecraft:kelp_plant":1,"minecraft:tall_grass":2,"minecraft:stone":2,"minecraft:kelp":1,"minecraft:crafting_table":1},"minecraft:custom":{"minecraft:time_since_rest":6000,"minecraft:open_chest":1,"minecraft:play_one_minute":6000,"minecraft:crouch_one_cm":1518,"minecraft:sprint_one_cm":18773,"minecraft:damage_taken":130,"minecraft:walk_one_cm":5396,"minecraft:sneak_time":580,"minecraft:walk_under_water_one_cm":464,"minecraft:drop":4,"minecraft:jump":175,"minecraft:damage_dealt":50,"minecraft:time_since_death":6000,"minecraft:walk_on_water_one_cm":693,"minecraft:interact_with_crafting_table":1,"minecraft:fall_one_cm":5947,"minecraft:swim_one_cm":2899,"minecraft:talked_to_villager":1,"minecraft:fly_one_cm":42847},"minecraft:picked_up":{"minecraft:crafting_table":1,"minecraft:sandstone":50,"minecraft:cut_sandstone":4,"minecraft:kelp":3,"minecraft:wheat_seeds":1,"minecraft:acacia_log":7,"minecraft:acacia_sapling":1,"minecraft:cobblestone":2},"minecraft:used":{"minecraft:crafting_table":1,"minecraft:acacia_sapling":1,"minecraft:wooden_pickaxe":2,"minecraft:sandstone":16,"minecraft:cut_sandstone":4},"minecraft:crafted":{"minecraft:acacia_planks":28,"minecraft:stick":8,"minecraft:wooden_pickaxe":1},"minecraft:dropped":{"minecraft:kelp":3,"minecraft:wheat_seeds":1}},"DataVersion":2586}