{"stats":{"minecraft:broken":{"minecraft:wooden_axe":1},"minecraft:mined":{"minecraft:white_bed":2,"minecraft:oak_fence":1,"minecraft:crafting_table":3,"minecraft:granite":25,"minecraft:tall_grass":4,"minecraft:cobblestone":30,"minecraft:oak_planks":10,"minecraft:diorite":5,"minecraft:sandstone":2,"minecraft:furnace":1,"minecraft:iron_ore":62,"minecraft:yellow_bed":1,"minecraft:grass":14,"minecraft:oak_log":38,"minecraft:coal_ore":112,"minecraft:oak_stairs":1,"minecraft:stone":195,"minecraft:oak_leaves":1},"minecraft:custom":{"minecraft:interact_with_furnace":27,"minecraft:mob_kills":49,"minecraft:traded_with_villager":6,"minecraft:interact_with_crafting_table":23,"minecraft:play_one_minute":84844,"minecraft:bell_ring":17,"minecraft:interact_with_grindstone":2,"minecraft:leave_game":4,"minecraft:time_since_death":34879,"minecraft:sleep_in_bed":6,"minecraft:time_since_rest":6813,"minecraft:sprint_one_cm":183169,"minecraft:damage_taken":1396,"minecraft:walk_one_cm":168760,"minecraft:damage_blocked_by_shield":560,"minecraft:drop":13,"minecraft:damage_dealt":7412,"minecraft:swim_one_cm":635,"minecraft:talked_to_villager":15,"minecraft:player_kills":2,"minecraft:fly_one_cm":231701,"minecraft:open_chest":14,"minecraft:pig_one_cm":440,"minecraft:crouch_one_cm":11176,"minecraft:deaths":1,"minecraft:sneak_time":4992,"minecraft:walk_under_water_one_cm":181,"minecraft:jump":1588,"minecraft:walk_on_water_one_cm":672,"minecraft:fall_one_cm":28722},"minecraft:killed":{"minecraft:pig":4,"minecraft:spider":3,"minecraft:creeper":1,"minecraft:sheep":15,"minecraft:skeleton":9,"minecraft:zombie":12,"minecraft:cow":4},"minecraft:killed_by":{"minecraft:zombie":1},"minecraft:picked_up":{"minecraft:crafting_table":3,"minecraft:iron_chestplate":1,"minecraft:cooked_beef":11,"minecraft:andesite":2,"minecraft:leather":14,"minecraft:brown_wool":2,"minecraft:wooden_pickaxe":1,"minecraft:oak_stairs":1,"minecraft:flint":2,"minecraft:oak_log":39,"minecraft:yellow_bed":1,"minecraft:shield":1,"minecraft:gunpowder":4,"minecraft:string":2,"minecraft:dirt":1,"minecraft:iron_axe":1,"minecraft:iron_leggings":1,"minecraft:cooked_mutton":6,"minecraft:bone":10,"minecraft:apple":5,"minecraft:bow":1,"minecraft:iron_ingot":8,"minecraft:beef":11,"minecraft:iron_ore":75,"minecraft:poppy":2,"minecraft:iron_pickaxe":3,"minecraft:oak_planks":68,"minecraft:iron_boots":1,"minecraft:furnace":2,"minecraft:stick":2,"minecraft:sandstone":1,"minecraft:cooked_porkchop":6,"minecraft:oak_fence":1,"minecraft:torch":1,"minecraft:gravel":8,"minecraft:oak_pressure_plate":1,"minecraft:porkchop":10,"minecraft:diorite":5,"minecraft:white_bed":3,"minecraft:spider_eye":1,"minecraft:arrow":10,"minecraft:rotten_flesh":28,"minecraft:granite":45,"minecraft:gray_wool":1,"minecraft:bread":2,"minecraft:emerald":1,"minecraft:black_wool":2,"minecraft:mutton":21,"minecraft:coal":185,"minecraft:white_wool":24,"minecraft:cobblestone":362},"minecraft:used":{"minecraft:cooked_mutton":9,"minecraft:diorite":5,"minecraft:poppy":1,"minecraft:oak_planks":40,"minecraft:wooden_pickaxe":13,"minecraft:shield":16,"minecraft:sandstone":1,"minecraft:white_wool":2,"minecraft:crafting_table":5,"minecraft:white_bed":3,"minecraft:granite":16,"minecraft:wooden_axe":60,"minecraft:black_wool":1,"minecraft:iron_axe":137,"minecraft:bread":2,"minecraft:iron_pickaxe":420,"minecraft:cobblestone":71,"minecraft:furnace":3,"minecraft:cooked_porkchop":2,"minecraft:bucket":1,"minecraft:yellow_bed":1,"minecraft:cooked_beef":5,"minecraft:gray_wool":1},"minecraft:dropped":{"minecraft:crafting_table":1,"minecraft:apple":1,"minecraft:emerald":1,"minecraft:mutton":6,"minecraft:wooden_axe":1,"minecraft:spider_eye":1,"minecraft:wooden_pickaxe":2},"minecraft:crafted":{"minecraft:cooked_beef":11,"minecraft:oak_planks":156,"minecraft:emerald":6,"minecraft:cooked_porkchop":7,"minecraft:crafting_table":3,"minecraft:wooden_pickaxe":1,"minecraft:iron_helmet":1,"minecraft:furnace":1,"minecraft:bucket":1,"minecraft:cooked_mutton":15,"minecraft:air":0,"minecraft:iron_boots":1,"minecraft:iron_chestplate":1,"minecraft:shield":1,"minecraft:iron_axe":2,"minecraft:stick":16,"minecraft:iron_ingot":60,"minecraft:iron_pickaxe":2,"minecraft:wooden_axe":2,"minecraft:iron_leggings":1,"minecraft:white_bed":1}},"DataVersion":2586}