{"stats":{"minecraft:mined":{"minecraft:dark_oak_planks":23,"minecraft:diamond_ore":2,"minecraft:white_bed":10,"minecraft:farmland":1,"minecraft:dark_oak_log":17,"minecraft:granite":42,"minecraft:grass_block":35,"minecraft:spruce_leaves":7,"minecraft:spawner":1,"minecraft:large_fern":3,"minecraft:hay_block":31,"minecraft:redstone_ore":6,"minecraft:furnace":6,"minecraft:iron_ore":71,"minecraft:fire":1,"minecraft:andesite":35,"minecraft:stone":717,"minecraft:crafting_table":7,"minecraft:torch":1,"minecraft:chest":2,"minecraft:tall_grass":7,"minecraft:cobblestone":28,"minecraft:lapis_ore":16,"minecraft:oak_planks":43,"minecraft:diorite":9,"minecraft:wall_torch":3,"minecraft:birch_planks":3,"minecraft:birch_log":28,"minecraft:spruce_log":22,"minecraft:yellow_bed":4,"minecraft:grass_path":1,"minecraft:grass":99,"minecraft:oak_log":76,"minecraft:coal_ore":69,"minecraft:sunflower":7,"minecraft:dirt":95,"minecraft:gold_ore":30,"minecraft:oak_leaves":8},"minecraft:killed":{"minecraft:spider":6,"minecraft:skeleton":5,"minecraft:chicken":1,"minecraft:pig":27,"minecraft:iron_golem":1,"minecraft:bat":1,"minecraft:creeper":4,"minecraft:sheep":23,"minecraft:zombie":11,"minecraft:cow":21},"minecraft:custom":{"minecraft:mob_kills":101,"minecraft:interact_with_crafting_table":35,"minecraft:bell_ring":56,"minecraft:leave_game":7,"minecraft:time_since_death":185644,"minecraft:sprint_one_cm":765674,"minecraft:walk_one_cm":279296,"minecraft:damage_blocked_by_shield":130,"minecraft:drop":44,"minecraft:deaths":1,"minecraft:sneak_time":7471,"minecraft:walk_under_water_one_cm":6924,"minecraft:boat_one_cm":172523,"minecraft:jump":5432,"minecraft:walk_on_water_one_cm":25052,"minecraft:interact_with_furnace":96,"minecraft:play_one_minute":213268,"minecraft:sleep_in_bed":13,"minecraft:time_since_rest":5430,"minecraft:damage_taken":2499,"minecraft:damage_dealt":13280,"minecraft:swim_one_cm":29098,"minecraft:fly_one_cm":1108187,"minecraft:open_chest":28,"minecraft:crouch_one_cm":15265,"minecraft:fall_one_cm":147378},"minecraft:crafted":{"minecraft:oak_planks":292,"minecraft:furnace":4,"minecraft:cooked_mutton":27,"minecraft:iron_boots":1,"minecraft:iron_axe":1,"minecraft:stone_pickaxe":1,"minecraft:chest":3,"minecraft:dark_oak_planks":68,"minecraft:wheat":270,"minecraft:cooked_beef":43,"minecraft:cooked_porkchop":33,"minecraft:diamond_axe":1,"minecraft:crafting_table":3,"minecraft:spruce_planks":84,"minecraft:wooden_pickaxe":1,"minecraft:iron_helmet":1,"minecraft:bucket":2,"minecraft:birch_planks":112,"minecraft:stone_axe":1,"minecraft:bread":90,"minecraft:air":0,"minecraft:oak_fence_gate":2,"minecraft:iron_chestplate":1,"minecraft:diamond_pickaxe":1,"minecraft:shield":1,"minecraft:stick":52,"minecraft:iron_ingot":59,"minecraft:iron_pickaxe":1,"minecraft:wooden_axe":1,"minecraft:gold_ingot":9,"minecraft:iron_leggings":1,"minecraft:white_bed":2,"minecraft:torch":112},"minecraft:used":{"minecraft:chest":4,"minecraft:spruce_planks":84,"minecraft:shield":5,"minecraft:torch":92,"minecraft:dirt":100,"minecraft:oak_fence_gate":2,"minecraft:dark_oak_planks":99,"minecraft:wooden_axe":12,"minecraft:iron_axe":159,"minecraft:light_gray_wool":1,"minecraft:hay_block":1,"minecraft:oak_sapling":2,"minecraft:furnace":8,"minecraft:egg":1,"minecraft:cooked_beef":18,"minecraft:cooked_mutton":12,"minecraft:water_bucket":10,"minecraft:diorite":2,"minecraft:birch_planks":107,"minecraft:stone_pickaxe":35,"minecraft:oak_planks":214,"minecraft:wooden_pickaxe":14,"minecraft:diamond_axe":395,"minecraft:white_wool":10,"minecraft:sand":20,"minecraft:crafting_table":9,"minecraft:white_bed":9,"minecraft:diamond_pickaxe":941,"minecraft:dark_oak_log":1,"minecraft:bread":21,"minecraft:iron_pickaxe":88,"minecraft:stone_axe":17,"minecraft:cobblestone":317,"minecraft:cooked_porkchop":3,"minecraft:bucket":11,"minecraft:yellow_bed":4,"minecraft:oak_boat":1},"minecraft:dropped":{"minecraft:iron_ingot":3,"minecraft:wheat_seeds":12,"minecraft:cooked_beef":25,"minecraft:feather":6,"minecraft:iron_horse_armor":1,"minecraft:dirt":7,"minecraft:diorite":1,"minecraft:wooden_axe":2,"minecraft:sunflower":5,"minecraft:string":9,"minecraft:lily_pad":4,"minecraft:composter":1,"minecraft:oak_planks":1,"minecraft:cooked_mutton":15,"minecraft:pumpkin_seeds":8,"minecraft:gunpowder":14,"minecraft:chest":1,"minecraft:oak_sapling":3,"minecraft:wooden_pickaxe":1,"minecraft:black_wool":1,"minecraft:egg":1},"minecraft:killed_by":{"minecraft:creeper":1},"minecraft:picked_up":{"minecraft:wooden_axe":4,"minecraft:crafting_table":8,"minecraft:iron_chestplate":2,"minecraft:wooden_pickaxe":3,"minecraft:diamond_horse_armor":2,"minecraft:shield":2,"minecraft:string":21,"minecraft:iron_axe":2,"minecraft:iron_leggings":2,"minecraft:beef":43,"minecraft:oak_boat":1,"minecraft:iron_pickaxe":2,"minecraft:light_gray_wool":1,"minecraft:sugar_cane":17,"minecraft:chest":2,"minecraft:furnace":10,"minecraft:egg":3,"minecraft:iron_boots":2,"minecraft:stick":1,"minecraft:composter":2,"minecraft:torch":101,"minecraft:porkchop":56,"minecraft:diorite":12,"minecraft:carrot":7,"minecraft:redstone":28,"minecraft:iron_horse_armor":2,"minecraft:dark_oak_planks":168,"minecraft:arrow":12,"minecraft:rotten_flesh":13,"minecraft:hay_block":31,"minecraft:saddle":1,"minecraft:gold_ingot":4,"minecraft:mutton":27,"minecraft:cobblestone":766,"minecraft:white_wool":31,"minecraft:birch_log":28,"minecraft:feather":6,"minecraft:cooked_beef":25,"minecraft:water_bucket":1,"minecraft:andesite":33,"minecraft:leather":43,"minecraft:potato":4,"minecraft:birch_planks":3,"minecraft:oak_log":73,"minecraft:lily_pad":4,"minecraft:yellow_bed":4,"minecraft:gunpowder":20,"minecraft:lapis_lazuli":109,"minecraft:dirt":129,"minecraft:cooked_mutton":11,"minecraft:bone":22,"minecraft:wheat_seeds":19,"minecraft:bell":1,"minecraft:stone_pickaxe":4,"minecraft:iron_ingot":11,"minecraft:cooked_chicken":4,"minecraft:iron_ore":71,"minecraft:oak_planks":51,"minecraft:cooked_porkchop":34,"minecraft:sand":40,"minecraft:white_bed":11,"minecraft:spruce_log":21,"minecraft:gold_ore":29,"minecraft:spider_eye":1,"minecraft:dark_oak_log":18,"minecraft:pumpkin_seeds":8,"minecraft:diamond":23,"minecraft:stone_axe":4,"minecraft:iron_helmet":2,"minecraft:granite":42,"minecraft:golden_horse_armor":2,"minecraft:oak_sapling":10,"minecraft:black_wool":2,"minecraft:coal":130,"minecraft:sunflower":10}},"DataVersion":2586}