{"stats":{"minecraft:broken":{"minecraft:iron_pickaxe":1,"minecraft:wooden_axe":1},"minecraft:mined":{"minecraft:white_bed":4,"minecraft:oak_fence":1,"minecraft:crafting_table":4,"minecraft:granite":41,"minecraft:tall_grass":5,"minecraft:cobblestone":37,"minecraft:oak_planks":10,"minecraft:diorite":5,"minecraft:sandstone":2,"minecraft:furnace":1,"minecraft:iron_ore":69,"minecraft:yellow_bed":1,"minecraft:grass":14,"minecraft:oak_log":38,"minecraft:coal_ore":195,"minecraft:oak_stairs":1,"minecraft:stone":306,"minecraft:white_wool":2,"minecraft:oak_leaves":1},"minecraft:custom":{"minecraft:interact_with_furnace":31,"minecraft:mob_kills":61,"minecraft:traded_with_villager":21,"minecraft:interact_with_crafting_table":23,"minecraft:play_one_minute":121478,"minecraft:bell_ring":17,"minecraft:interact_with_grindstone":2,"minecraft:leave_game":7,"minecraft:time_since_death":26611,"minecraft:sleep_in_bed":9,"minecraft:time_since_rest":1,"minecraft:sprint_one_cm":217089,"minecraft:damage_taken":1864,"minecraft:walk_one_cm":211413,"minecraft:damage_blocked_by_shield":980,"minecraft:drop":13,"minecraft:damage_dealt":9733,"minecraft:swim_one_cm":635,"minecraft:talked_to_villager":25,"minecraft:fly_one_cm":277238,"minecraft:player_kills":2,"minecraft:open_chest":17,"minecraft:pig_one_cm":440,"minecraft:crouch_one_cm":16261,"minecraft:deaths":2,"minecraft:sneak_time":7518,"minecraft:walk_under_water_one_cm":181,"minecraft:jump":1953,"minecraft:walk_on_water_one_cm":1566,"minecraft:fall_one_cm":37603},"minecraft:killed":{"minecraft:pig":4,"minecraft:spider":3,"minecraft:creeper":1,"minecraft:sheep":15,"minecraft:skeleton":15,"minecraft:zombie":17,"minecraft:villager":1,"minecraft:cow":4},"minecraft:killed_by":{"minecraft:witch":1,"minecraft:zombie":1},"minecraft:picked_up":{"minecraft:iron_chestplate":2,"minecraft:crafting_table":5,"minecraft:cooked_beef":16,"minecraft:water_bucket":1,"minecraft:andesite":2,"minecraft:leather":14,"minecraft:brown_wool":2,"minecraft:wooden_pickaxe":1,"minecraft:oak_stairs":1,"minecraft:flint":4,"minecraft:oak_log":39,"minecraft:yellow_bed":1,"minecraft:shield":2,"minecraft:gunpowder":4,"minecraft:dirt":1,"minecraft:string":2,"minecraft:iron_axe":3,"minecraft:iron_leggings":2,"minecraft:cooked_mutton":12,"minecraft:bone":14,"minecraft:apple":5,"minecraft:bow":1,"minecraft:iron_ingot":8,"minecraft:beef":11,"minecraft:iron_ore":88,"minecraft:poppy":2,"minecraft:iron_pickaxe":4,"minecraft:oak_planks":106,"minecraft:iron_boots":2,"minecraft:furnace":2,"minecraft:stick":2,"minecraft:sandstone":1,"minecraft:cooked_porkchop":11,"minecraft:oak_fence":1,"minecraft:torch":1,"minecraft:oak_pressure_plate":1,"minecraft:gravel":18,"minecraft:porkchop":10,"minecraft:diorite":5,"minecraft:white_bed":6,"minecraft:spider_eye":1,"minecraft:arrow":16,"minecraft:rotten_flesh":28,"minecraft:iron_helmet":1,"minecraft:granite":86,"minecraft:gray_wool":1,"minecraft:bread":2,"minecraft:emerald":1,"minecraft:black_wool":2,"minecraft:mutton":21,"minecraft:coal":311,"minecraft:white_wool":26,"minecraft:cobblestone":676},"minecraft:used":{"minecraft:cooked_mutton":9,"minecraft:diorite":5,"minecraft:iron_ore":1,"minecraft:poppy":1,"minecraft:oak_planks":40,"minecraft:iron_sword":3,"minecraft:shield":27,"minecraft:wooden_pickaxe":13,"minecraft:sandstone":1,"minecraft:white_wool":2,"minecraft:torch":1,"minecraft:crafting_table":5,"minecraft:white_bed":5,"minecraft:granite":16,"minecraft:wooden_axe":60,"minecraft:black_wool":1,"minecraft:iron_axe":177,"minecraft:bread":2,"minecraft:iron_pickaxe":644,"minecraft:cobblestone":171,"minecraft:furnace":3,"minecraft:cooked_porkchop":4,"minecraft:bucket":1,"minecraft:yellow_bed":1,"minecraft:cooked_beef":6,"minecraft:gray_wool":1},"minecraft:dropped":{"minecraft:crafting_table":1,"minecraft:apple":1,"minecraft:emerald":1,"minecraft:mutton":6,"minecraft:wooden_axe":1,"minecraft:spider_eye":1,"minecraft:wooden_pickaxe":2},"minecraft:crafted":{"minecraft:cooked_beef":11,"minecraft:oak_planks":156,"minecraft:emerald":19,"minecraft:cooked_porkchop":7,"minecraft:crafting_table":3,"minecraft:iron_helmet":1,"minecraft:wooden_pickaxe":1,"minecraft:iron_sword":2,"minecraft:furnace":1,"minecraft:bucket":1,"minecraft:cooked_mutton":15,"minecraft:air":0,"minecraft:iron_chestplate":1,"minecraft:iron_boots":1,"minecraft:shield":1,"minecraft:iron_axe":2,"minecraft:stick":16,"minecraft:iron_ingot":66,"minecraft:iron_pickaxe":3,"minecraft:wooden_axe":2,"minecraft:iron_leggings":1,"minecraft:white_bed":1}},"DataVersion":2586}