{"stats":{"minecraft:broken":{"minecraft:wooden_axe":1},"minecraft:mined":{"minecraft:white_bed":1,"minecraft:crafting_table":3,"minecraft:granite":20,"minecraft:tall_grass":4,"minecraft:cobblestone":19,"minecraft:oak_planks":3,"minecraft:diorite":5,"minecraft:sandstone":2,"minecraft:furnace":1,"minecraft:iron_ore":54,"minecraft:yellow_bed":1,"minecraft:grass":14,"minecraft:coal_ore":71,"minecraft:oak_log":38,"minecraft:stone":181,"minecraft:oak_leaves":1},"minecraft:custom":{"minecraft:interact_with_furnace":20,"minecraft:mob_kills":33,"minecraft:interact_with_crafting_table":14,"minecraft:play_one_minute":46203,"minecraft:bell_ring":17,"minecraft:interact_with_grindstone":1,"minecraft:leave_game":2,"minecraft:time_since_death":46203,"minecraft:sleep_in_bed":2,"minecraft:time_since_rest":10038,"minecraft:sprint_one_cm":112166,"minecraft:damage_taken":459,"minecraft:walk_one_cm":92756,"minecraft:damage_blocked_by_shield":340,"minecraft:drop":12,"minecraft:damage_dealt":4246,"minecraft:talked_to_villager":8,"minecraft:swim_one_cm":635,"minecraft:player_kills":2,"minecraft:fly_one_cm":171413,"minecraft:open_chest":5,"minecraft:pig_one_cm":440,"minecraft:crouch_one_cm":10279,"minecraft:sneak_time":4331,"minecraft:walk_under_water_one_cm":181,"minecraft:jump":978,"minecraft:walk_on_water_one_cm":609,"minecraft:fall_one_cm":20880},"minecraft:killed":{"minecraft:pig":3,"minecraft:creeper":1,"minecraft:sheep":15,"minecraft:skeleton":4,"minecraft:zombie":5,"minecraft:cow":4},"minecraft:picked_up":{"minecraft:crafting_table":3,"minecraft:brown_wool":1,"minecraft:leather":7,"minecraft:wooden_pickaxe":1,"minecraft:oak_log":39,"minecraft:yellow_bed":1,"minecraft:gunpowder":2,"minecraft:bone":3,"minecraft:apple":3,"minecraft:iron_ingot":5,"minecraft:beef":11,"minecraft:iron_ore":68,"minecraft:poppy":1,"minecraft:iron_pickaxe":1,"minecraft:oak_planks":19,"minecraft:furnace":2,"minecraft:sandstone":1,"minecraft:porkchop":7,"minecraft:diorite":5,"minecraft:white_bed":2,"minecraft:arrow":1,"minecraft:rotten_flesh":9,"minecraft:granite":20,"minecraft:gray_wool":1,"minecraft:bread":2,"minecraft:emerald":1,"minecraft:black_wool":1,"minecraft:mutton":21,"minecraft:coal":68,"minecraft:white_wool":13,"minecraft:cobblestone":199},"minecraft:used":{"minecraft:cooked_mutton":7,"minecraft:diorite":5,"minecraft:oak_planks":40,"minecraft:wooden_pickaxe":13,"minecraft:shield":9,"minecraft:sandstone":1,"minecraft:white_wool":2,"minecraft:crafting_table":4,"minecraft:white_bed":2,"minecraft:wooden_axe":60,"minecraft:iron_axe":80,"minecraft:bread":2,"minecraft:iron_pickaxe":341,"minecraft:cobblestone":57,"minecraft:furnace":3,"minecraft:yellow_bed":1,"minecraft:gray_wool":1},"minecraft:dropped":{"minecraft:crafting_table":1,"minecraft:apple":1,"minecraft:emerald":1,"minecraft:mutton":6,"minecraft:wooden_axe":1,"minecraft:wooden_pickaxe":2},"minecraft:crafted":{"minecraft:cooked_beef":11,"minecraft:oak_planks":156,"minecraft:cooked_porkchop":7,"minecraft:crafting_table":2,"minecraft:wooden_pickaxe":1,"minecraft:furnace":1,"minecraft:cooked_mutton":15,"minecraft:air":0,"minecraft:iron_boots":1,"minecraft:iron_chestplate":1,"minecraft:shield":1,"minecraft:iron_axe":1,"minecraft:stick":12,"minecraft:iron_ingot":24,"minecraft:iron_pickaxe":1,"minecraft:wooden_axe":2,"minecraft:iron_leggings":1}},"DataVersion":2586}