{"stats":{"minecraft:custom":{"minecraft:interact_with_smithing_table":1,"minecraft:mob_kills":67,"minecraft:interact_with_crafting_table":31,"minecraft:leave_game":4,"minecraft:time_since_death":50272,"minecraft:climb_one_cm":3718,"minecraft:sprint_one_cm":484211,"minecraft:walk_one_cm":348676,"minecraft:damage_blocked_by_shield":160,"minecraft:drop":22,"minecraft:talked_to_villager":1,"minecraft:play_time":160843,"minecraft:deaths":2,"minecraft:sneak_time":7501,"minecraft:walk_under_water_one_cm":5815,"minecraft:jump":4090,"minecraft:interact_with_blast_furnace":4,"minecraft:walk_on_water_one_cm":11205,"minecraft:total_world_time":160843,"minecraft:interact_with_furnace":39,"minecraft:interact_with_cartography_table":2,"minecraft:interact_with_stonecutter":2,"minecraft:sleep_in_bed":3,"minecraft:time_since_rest":11394,"minecraft:damage_taken":2967,"minecraft:damage_absorbed":10,"minecraft:damage_dealt":11436,"minecraft:swim_one_cm":12637,"minecraft:fly_one_cm":907706,"minecraft:player_kills":3,"minecraft:open_chest":59,"minecraft:crouch_one_cm":21356,"minecraft:interact_with_smoker":23,"minecraft:fall_one_cm":117188},"minecraft:killed":{"minecraft:spider":2,"minecraft:skeleton":6,"minecraft:pig":9,"minecraft:creeper":2,"minecraft:sheep":12,"minecraft:zombie":18,"minecraft:stray":1,"minecraft:cow":15},"minecraft:picked_up":{"minecraft:crafting_table":5,"minecraft:shield":1,"minecraft:string":5,"minecraft:red_bed":5,"minecraft:iron_axe":1,"minecraft:diamond_leggings":1,"minecraft:gold_nugget":4,"minecraft:cobbled_deepslate":15,"minecraft:bucket":1,"minecraft:spruce_planks":2,"minecraft:beef":35,"minecraft:iron_pickaxe":1,"minecraft:furnace":6,"minecraft:raw_iron":60,"minecraft:stick":7,"minecraft:torch":23,"minecraft:porkchop":18,"minecraft:spruce_fence":1,"minecraft:fire_charge":1,"minecraft:diorite":3,"minecraft:diamond_chestplate":1,"minecraft:arrow":10,"minecraft:rotten_flesh":21,"minecraft:diamond_boots":1,"minecraft:mutton":18,"minecraft:iron_bars":1,"minecraft:white_wool":11,"minecraft:cobblestone":115,"minecraft:magma_block":9,"minecraft:cooked_beef":6,"minecraft:andesite":8,"minecraft:leather":13,"minecraft:potato":9,"minecraft:flint":1,"minecraft:oak_log":13,"minecraft:ancient_debris":26,"minecraft:gunpowder":4,"minecraft:lapis_lazuli":80,"minecraft:dirt":3,"minecraft:cooked_mutton":2,"minecraft:red_carpet":1,"minecraft:bone":6,"minecraft:stone_bricks":1,"minecraft:oak_planks":37,"minecraft:soul_sand":5,"minecraft:cooked_porkchop":4,"minecraft:pumpkin":3,"minecraft:sweet_berries":2,"minecraft:quartz":24,"minecraft:sand":13,"minecraft:stripped_spruce_log":4,"minecraft:spruce_sapling":3,"minecraft:blast_furnace":2,"minecraft:spruce_log":47,"minecraft:spider_eye":2,"minecraft:diamond":27,"minecraft:granite":12,"minecraft:golden_apple":1,"minecraft:gray_wool":1,"minecraft:netherrack":838,"minecraft:coal":28,"minecraft:diamond_pickaxe":1},"minecraft:broken":{"minecraft:stone_pickaxe":1},"minecraft:used":{"minecraft:chest":2,"minecraft:spruce_planks":121,"minecraft:shield":5,"minecraft:rotten_flesh":5,"minecraft:netherrack":378,"minecraft:torch":43,"minecraft:dirt":3,"minecraft:granite":12,"minecraft:wooden_axe":28,"minecraft:iron_axe":261,"minecraft:sweet_berries":2,"minecraft:furnace":6,"minecraft:potato":9,"minecraft:cooked_beef":19,"minecraft:cobbled_deepslate":75,"minecraft:pumpkin":1,"minecraft:iron_leggings":1,"minecraft:cooked_mutton":3,"minecraft:water_bucket":1,"minecraft:stone_pickaxe":131,"minecraft:oak_planks":17,"minecraft:wooden_pickaxe":28,"minecraft:golden_apple":1,"minecraft:crafting_table":5,"minecraft:red_bed":3,"minecraft:blast_furnace":1,"minecraft:white_bed":1,"minecraft:diamond_pickaxe":912,"minecraft:bread":5,"minecraft:iron_pickaxe":65,"minecraft:stone_axe":4,"minecraft:cobblestone":138,"minecraft:cooked_porkchop":9,"minecraft:andesite":5},"minecraft:crafted":{"minecraft:oak_planks":52,"minecraft:furnace":1,"minecraft:cooked_mutton":18,"minecraft:diamond_helmet":1,"minecraft:diamond_leggings":1,"minecraft:iron_boots":1,"minecraft:iron_axe":3,"minecraft:stone_pickaxe":1,"minecraft:chest":2,"minecraft:diamond_boots":1,"minecraft:netherite_scrap":13,"minecraft:cooked_beef":35,"minecraft:cooked_porkchop":18,"minecraft:crafting_table":2,"minecraft:spruce_planks":188,"minecraft:wooden_pickaxe":1,"minecraft:iron_helmet":2,"minecraft:iron_sword":1,"minecraft:pumpkin_seeds":8,"minecraft:stone_axe":1,"minecraft:air":0,"minecraft:iron_chestplate":1,"minecraft:diamond_pickaxe":1,"minecraft:shield":1,"minecraft:stick":20,"minecraft:iron_pickaxe":2,"minecraft:iron_ingot":45,"minecraft:wooden_axe":1,"minecraft:iron_leggings":1,"minecraft:white_bed":1,"minecraft:torch":32,"minecraft:diamond_chestplate":1},"minecraft:mined":{"minecraft:nether_gold_ore":5,"minecraft:diamond_ore":3,"minecraft:red_carpet":2,"minecraft:spruce_planks":5,"minecraft:obsidian":1,"minecraft:granite":12,"minecraft:grass_block":1,"minecraft:spruce_fence":2,"minecraft:spruce_leaves":12,"minecraft:large_fern":1,"minecraft:magma_block":23,"minecraft:furnace":6,"minecraft:iron_ore":51,"minecraft:cobbled_deepslate":8,"minecraft:fire":17,"minecraft:andesite":6,"minecraft:stripped_spruce_log":4,"minecraft:pumpkin":2,"minecraft:deepslate_lapis_ore":2,"minecraft:potatoes":9,"minecraft:deepslate_iron_ore":9,"minecraft:iron_bars":1,"minecraft:stone":94,"minecraft:blackstone":3,"minecraft:red_bed":4,"minecraft:soul_sand":10,"minecraft:crafting_table":4,"minecraft:torch":1,"minecraft:blast_furnace":2,"minecraft:tall_grass":5,"minecraft:nether_quartz_ore":25,"minecraft:cobblestone":19,"minecraft:lapis_ore":4,"minecraft:oak_planks":3,"minecraft:diorite":3,"minecraft:stripped_spruce_wood":1,"minecraft:sweet_berry_bush":1,"minecraft:ice":10,"minecraft:spruce_log":48,"minecraft:grass":6,"minecraft:oak_log":13,"minecraft:coal_ore":23,"minecraft:gravel":1,"minecraft:sand":14,"minecraft:dirt":2,"minecraft:stone_bricks":1,"minecraft:netherrack":790,"minecraft:ancient_debris":5,"minecraft:deepslate":7,"minecraft:fern":1},"minecraft:killed_by":{"minecraft:zombie":1},"minecraft:dropped":{"minecraft:iron_sword":1,"minecraft:cooked_beef":7,"minecraft:iron_helmet":1,"minecraft:leather":14,"minecraft:iron_pickaxe":1,"minecraft:string":1,"minecraft:bone":2,"minecraft:cooked_mutton":13,"minecraft:andesite":1}},"DataVersion":3465}