{"stats":{"minecraft:picked_up":{"minecraft:crafting_table":4,"minecraft:oak_fence":1,"minecraft:leather":10,"minecraft:porkchop":29,"minecraft:oak_log":37,"minecraft:dirt":7,"minecraft:beef":23,"minecraft:mutton":8,"minecraft:furnace":1,"minecraft:white_wool":6,"minecraft:cobblestone":19,"minecraft:sunflower":2},"minecraft:used":{"minecraft:wooden_axe":43,"minecraft:wooden_pickaxe":20,"minecraft:stone_axe":70,"minecraft:crafting_table":3,"minecraft:furnace":2,"minecraft:cooked_porkchop":5},"minecraft:killed":{"minecraft:sheep":6,"minecraft:pig":12,"minecraft:spider":1,"minecraft:cow":10},"minecraft:broken":{"minecraft:wooden_axe":1},"minecraft:crafted":{"minecraft:oak_planks":148,"minecraft:cooked_porkchop":14,"minecraft:crafting_table":1,"minecraft:stick":8,"minecraft:wooden_pickaxe":1,"minecraft:stone_pickaxe":1,"minecraft:wooden_axe":1,"minecraft:furnace":1,"minecraft:oak_button":2,"minecraft:stone_axe":1,"minecraft:air":0},"minecraft:custom":{"minecraft:time_since_rest":16267,"minecraft:interact_with_furnace":6,"minecraft:sprint_one_cm":64185,"minecraft:damage_taken":590,"minecraft:walk_one_cm":29134,"minecraft:mob_kills":29,"minecraft:damage_dealt":2928,"minecraft:swim_one_cm":4497,"minecraft:interact_with_crafting_table":6,"minecraft:fly_one_cm":118969,"minecraft:crouch_one_cm":945,"minecraft:play_time":16866,"minecraft:deaths":1,"minecraft:bell_ring":9,"minecraft:sneak_time":709,"minecraft:walk_under_water_one_cm":197,"minecraft:jump":517,"minecraft:walk_on_water_one_cm":731,"minecraft:time_since_death":15689,"minecraft:total_world_time":16866,"minecraft:fall_one_cm":14673},"minecraft:killed_by":{"minecraft:player":1},"minecraft:mined":{"minecraft:furnace":1,"minecraft:oak_fence":1,"minecraft:crafting_table":4,"minecraft:grass":15,"minecraft:grass_block":4,"minecraft:oak_log":38,"minecraft:sunflower":5,"minecraft:dirt":3,"minecraft:stone":19,"minecraft:oak_leaves":2}},"DataVersion":3465}