{"stats":{"minecraft:custom":{"minecraft:interact_with_smithing_table":1,"minecraft:interact_with_furnace":30,"minecraft:mob_kills":39,"minecraft:interact_with_crafting_table":24,"minecraft:interact_with_cartography_table":1,"minecraft:interact_with_stonecutter":2,"minecraft:leave_game":3,"minecraft:time_since_death":2795,"minecraft:climb_one_cm":1867,"minecraft:time_since_rest":2822,"minecraft:damage_absorbed":10,"minecraft:sprint_one_cm":355226,"minecraft:damage_taken":2889,"minecraft:walk_one_cm":295694,"minecraft:damage_blocked_by_shield":160,"minecraft:drop":8,"minecraft:damage_dealt":8689,"minecraft:player_kills":3,"minecraft:swim_one_cm":4371,"minecraft:fly_one_cm":636735,"minecraft:open_chest":23,"minecraft:crouch_one_cm":18909,"minecraft:play_time":113366,"minecraft:deaths":2,"minecraft:sneak_time":6970,"minecraft:walk_under_water_one_cm":5483,"minecraft:jump":3104,"minecraft:walk_on_water_one_cm":9406,"minecraft:total_world_time":113366,"minecraft:interact_with_smoker":6,"minecraft:fall_one_cm":86344},"minecraft:killed":{"minecraft:pig":2,"minecraft:spider":2,"minecraft:creeper":2,"minecraft:skeleton":6,"minecraft:zombie":17,"minecraft:stray":1,"minecraft:cow":7},"minecraft:picked_up":{"minecraft:crafting_table":5,"minecraft:magma_block":9,"minecraft:cooked_beef":6,"minecraft:andesite":7,"minecraft:leather":8,"minecraft:oak_log":13,"minecraft:ancient_debris":26,"minecraft:shield":1,"minecraft:gunpowder":4,"minecraft:dirt":3,"minecraft:lapis_lazuli":80,"minecraft:string":5,"minecraft:red_bed":2,"minecraft:iron_axe":1,"minecraft:cooked_mutton":2,"minecraft:bone":6,"minecraft:diamond_leggings":1,"minecraft:gold_nugget":4,"minecraft:cobbled_deepslate":15,"minecraft:bucket":1,"minecraft:spruce_planks":2,"minecraft:beef":20,"minecraft:iron_pickaxe":1,"minecraft:oak_planks":37,"minecraft:soul_sand":5,"minecraft:furnace":4,"minecraft:stick":7,"minecraft:raw_iron":56,"minecraft:cooked_porkchop":4,"minecraft:pumpkin":3,"minecraft:sweet_berries":2,"minecraft:fire_charge":1,"minecraft:torch":23,"minecraft:quartz":24,"minecraft:spruce_fence":1,"minecraft:porkchop":4,"minecraft:spruce_sapling":3,"minecraft:spruce_log":47,"minecraft:spider_eye":2,"minecraft:diamond_chestplate":1,"minecraft:arrow":10,"minecraft:rotten_flesh":20,"minecraft:diamond":22,"minecraft:diamond_boots":1,"minecraft:granite":12,"minecraft:golden_apple":1,"minecraft:netherrack":819,"minecraft:coal":24,"minecraft:cobblestone":115,"minecraft:diamond_pickaxe":1},"minecraft:broken":{"minecraft:stone_pickaxe":1},"minecraft:used":{"minecraft:cooked_mutton":2,"minecraft:water_bucket":1,"minecraft:stone_pickaxe":131,"minecraft:oak_planks":17,"minecraft:spruce_planks":121,"minecraft:wooden_pickaxe":28,"minecraft:shield":5,"minecraft:rotten_flesh":5,"minecraft:netherrack":223,"minecraft:torch":43,"minecraft:golden_apple":1,"minecraft:dirt":3,"minecraft:crafting_table":5,"minecraft:granite":12,"minecraft:wooden_axe":28,"minecraft:diamond_pickaxe":874,"minecraft:iron_pickaxe":65,"minecraft:iron_axe":185,"minecraft:stone_axe":4,"minecraft:cobblestone":138,"minecraft:sweet_berries":2,"minecraft:furnace":4,"minecraft:cooked_porkchop":8,"minecraft:andesite":5,"minecraft:pumpkin":1,"minecraft:cooked_beef":19,"minecraft:cobbled_deepslate":75,"minecraft:iron_leggings":1},"minecraft:crafted":{"minecraft:cooked_beef":20,"minecraft:oak_planks":52,"minecraft:cooked_porkchop":4,"minecraft:crafting_table":2,"minecraft:spruce_planks":188,"minecraft:wooden_pickaxe":1,"minecraft:iron_helmet":2,"minecraft:iron_sword":1,"minecraft:furnace":1,"minecraft:pumpkin_seeds":8,"minecraft:stone_axe":1,"minecraft:air":0,"minecraft:iron_boots":1,"minecraft:diamond_leggings":1,"minecraft:iron_chestplate":1,"minecraft:diamond_pickaxe":1,"minecraft:shield":1,"minecraft:iron_axe":2,"minecraft:stick":20,"minecraft:iron_ingot":45,"minecraft:iron_pickaxe":2,"minecraft:stone_pickaxe":1,"minecraft:wooden_axe":1,"minecraft:diamond_boots":1,"minecraft:iron_leggings":1,"minecraft:torch":32,"minecraft:diamond_chestplate":1},"minecraft:mined":{"minecraft:nether_gold_ore":5,"minecraft:diamond_ore":3,"minecraft:spruce_planks":5,"minecraft:red_bed":1,"minecraft:blackstone":3,"minecraft:soul_sand":10,"minecraft:torch":1,"minecraft:obsidian":1,"minecraft:crafting_table":4,"minecraft:granite":12,"minecraft:spruce_fence":2,"minecraft:grass_block":1,"minecraft:nether_quartz_ore":25,"minecraft:cobblestone":19,"minecraft:spruce_leaves":12,"minecraft:lapis_ore":4,"minecraft:oak_planks":3,"minecraft:large_fern":1,"minecraft:magma_block":23,"minecraft:furnace":4,"minecraft:iron_ore":47,"minecraft:fire":17,"minecraft:cobbled_deepslate":8,"minecraft:sweet_berry_bush":1,"minecraft:ice":6,"minecraft:spruce_log":48,"minecraft:andesite":6,"minecraft:pumpkin":2,"minecraft:deepslate_lapis_ore":2,"minecraft:oak_log":13,"minecraft:coal_ore":23,"minecraft:deepslate_iron_ore":9,"minecraft:gravel":1,"minecraft:dirt":2,"minecraft:stone":94,"minecraft:netherrack":772,"minecraft:ancient_debris":5,"minecraft:deepslate":7,"minecraft:fern":1},"minecraft:killed_by":{"minecraft:zombie":1},"minecraft:dropped":{"minecraft:iron_sword":1,"minecraft:cooked_beef":7,"minecraft:iron_helmet":1,"minecraft:andesite":1,"minecraft:iron_pickaxe":1,"minecraft:string":1,"minecraft:bone":2}},"DataVersion":3465}