{"stats":{"minecraft:broken":{"minecraft:wooden_axe":1},"minecraft:mined":{"minecraft:white_bed":1,"minecraft:crafting_table":1,"minecraft:grass":12,"minecraft:oak_log":8,"minecraft:tall_grass":4,"minecraft:cobblestone":13,"minecraft:oak_leaves":1},"minecraft:custom":{"minecraft:time_since_rest":9000,"minecraft:interact_with_furnace":3,"minecraft:sprint_one_cm":22145,"minecraft:damage_taken":180,"minecraft:walk_one_cm":13908,"minecraft:mob_kills":17,"minecraft:damage_dealt":1848,"minecraft:interact_with_crafting_table":7,"minecraft:fly_one_cm":35783,"minecraft:player_kills":1,"minecraft:pig_one_cm":440,"minecraft:open_chest":2,"minecraft:crouch_one_cm":1938,"minecraft:play_one_minute":9000,"minecraft:sneak_time":909,"minecraft:jump":166,"minecraft:leave_game":1,"minecraft:time_since_death":9000,"minecraft:fall_one_cm":4001},"minecraft:killed":{"minecraft:sheep":8,"minecraft:zombie":2,"minecraft:pig":3,"minecraft:cow":4},"minecraft:picked_up":{"minecraft:crafting_table":1,"minecraft:leather":7,"minecraft:wooden_pickaxe":1,"minecraft:porkchop":5,"minecraft:oak_log":9,"minecraft:white_bed":2,"minecraft:rotten_flesh":1,"minecraft:apple":3,"minecraft:beef":11,"minecraft:iron_ingot":4,"minecraft:gray_wool":1,"minecraft:emerald":1,"minecraft:bread":2,"minecraft:poppy":1,"minecraft:iron_pickaxe":1,"minecraft:mutton":11,"minecraft:white_wool":8,"minecraft:cobblestone":13},"minecraft:used":{"minecraft:cooked_mutton":1,"minecraft:wooden_axe":60,"minecraft:iron_axe":7,"minecraft:bread":2,"minecraft:wooden_pickaxe":13,"minecraft:white_wool":2,"minecraft:cobblestone":2,"minecraft:crafting_table":3,"minecraft:furnace":1,"minecraft:white_bed":2,"minecraft:gray_wool":1},"minecraft:crafted":{"minecraft:oak_planks":36,"minecraft:shield":1,"minecraft:iron_axe":1,"minecraft:crafting_table":2,"minecraft:stick":8,"minecraft:wooden_pickaxe":1,"minecraft:wooden_axe":2,"minecraft:furnace":1,"minecraft:air":0,"minecraft:cooked_mutton":4}},"DataVersion":2586}