{"stats":{"minecraft:broken":{"minecraft:wooden_axe":1},"minecraft:mined":{"minecraft:white_bed":1,"minecraft:furnace":1,"minecraft:yellow_bed":1,"minecraft:crafting_table":2,"minecraft:grass":12,"minecraft:oak_log":21,"minecraft:tall_grass":4,"minecraft:cobblestone":15,"minecraft:oak_planks":1,"minecraft:sandstone":2,"minecraft:oak_leaves":1},"minecraft:custom":{"minecraft:time_since_rest":21000,"minecraft:interact_with_furnace":4,"minecraft:sprint_one_cm":59528,"minecraft:damage_taken":260,"minecraft:walk_one_cm":36119,"minecraft:mob_kills":22,"minecraft:drop":12,"minecraft:damage_dealt":2535,"minecraft:swim_one_cm":635,"minecraft:talked_to_villager":8,"minecraft:interact_with_crafting_table":7,"minecraft:fly_one_cm":106058,"minecraft:player_kills":2,"minecraft:pig_one_cm":440,"minecraft:open_chest":5,"minecraft:crouch_one_cm":2557,"minecraft:play_one_minute":21000,"minecraft:bell_ring":17,"minecraft:walk_under_water_one_cm":181,"minecraft:sneak_time":1131,"minecraft:jump":500,"minecraft:interact_with_grindstone":1,"minecraft:leave_game":1,"minecraft:walk_on_water_one_cm":547,"minecraft:time_since_death":21000,"minecraft:fall_one_cm":12603},"minecraft:killed":{"minecraft:sheep":13,"minecraft:zombie":2,"minecraft:pig":3,"minecraft:cow":4},"minecraft:picked_up":{"minecraft:sandstone":1,"minecraft:crafting_table":2,"minecraft:brown_wool":1,"minecraft:leather":7,"minecraft:wooden_pickaxe":1,"minecraft:porkchop":7,"minecraft:oak_log":22,"minecraft:yellow_bed":1,"minecraft:white_bed":2,"minecraft:rotten_flesh":1,"minecraft:apple":3,"minecraft:beef":11,"minecraft:iron_ingot":4,"minecraft:gray_wool":1,"minecraft:bread":2,"minecraft:emerald":1,"minecraft:poppy":1,"minecraft:iron_pickaxe":1,"minecraft:oak_planks":1,"minecraft:mutton":18,"minecraft:white_wool":12,"minecraft:cobblestone":15,"minecraft:furnace":1},"minecraft:used":{"minecraft:cooked_mutton":3,"minecraft:wooden_axe":60,"minecraft:iron_axe":32,"minecraft:bread":2,"minecraft:oak_planks":38,"minecraft:iron_pickaxe":6,"minecraft:wooden_pickaxe":13,"minecraft:white_wool":2,"minecraft:cobblestone":7,"minecraft:crafting_table":3,"minecraft:furnace":1,"minecraft:white_bed":2,"minecraft:gray_wool":1},"minecraft:dropped":{"minecraft:mutton":6,"minecraft:wooden_axe":1,"minecraft:crafting_table":1,"minecraft:apple":1,"minecraft:wooden_pickaxe":2,"minecraft:emerald":1},"minecraft:crafted":{"minecraft:oak_planks":88,"minecraft:shield":1,"minecraft:iron_axe":1,"minecraft:crafting_table":2,"minecraft:stick":8,"minecraft:wooden_pickaxe":1,"minecraft:wooden_axe":2,"minecraft:furnace":1,"minecraft:air":0,"minecraft:cooked_mutton":4}},"DataVersion":2586}