{"stats":{"minecraft:broken":{"minecraft:wooden_axe":1},"minecraft:mined":{"minecraft:white_bed":1,"minecraft:crafting_table":3,"minecraft:granite":20,"minecraft:tall_grass":4,"minecraft:cobblestone":20,"minecraft:oak_planks":9,"minecraft:diorite":5,"minecraft:sandstone":2,"minecraft:furnace":1,"minecraft:iron_ore":62,"minecraft:yellow_bed":1,"minecraft:grass":14,"minecraft:coal_ore":73,"minecraft:oak_log":38,"minecraft:stone":185,"minecraft:oak_leaves":1},"minecraft:custom":{"minecraft:interact_with_furnace":21,"minecraft:mob_kills":37,"minecraft:interact_with_crafting_table":14,"minecraft:play_one_minute":52092,"minecraft:bell_ring":17,"minecraft:interact_with_grindstone":1,"minecraft:leave_game":3,"minecraft:time_since_death":2127,"minecraft:sleep_in_bed":2,"minecraft:time_since_rest":2147,"minecraft:sprint_one_cm":139313,"minecraft:damage_taken":934,"minecraft:walk_one_cm":110990,"minecraft:damage_blocked_by_shield":460,"minecraft:drop":12,"minecraft:damage_dealt":5008,"minecraft:talked_to_villager":9,"minecraft:swim_one_cm":635,"minecraft:player_kills":2,"minecraft:fly_one_cm":187325,"minecraft:open_chest":6,"minecraft:pig_one_cm":440,"minecraft:crouch_one_cm":10387,"minecraft:deaths":1,"minecraft:sneak_time":4510,"minecraft:walk_under_water_one_cm":181,"minecraft:jump":1116,"minecraft:walk_on_water_one_cm":672,"minecraft:fall_one_cm":22680},"minecraft:killed":{"minecraft:pig":3,"minecraft:creeper":1,"minecraft:sheep":15,"minecraft:skeleton":6,"minecraft:zombie":7,"minecraft:cow":4},"minecraft:killed_by":{"minecraft:zombie":1},"minecraft:picked_up":{"minecraft:iron_chestplate":1,"minecraft:crafting_table":3,"minecraft:cooked_beef":11,"minecraft:brown_wool":2,"minecraft:leather":14,"minecraft:wooden_pickaxe":1,"minecraft:oak_log":39,"minecraft:yellow_bed":1,"minecraft:shield":1,"minecraft:gunpowder":4,"minecraft:iron_axe":1,"minecraft:iron_leggings":1,"minecraft:cooked_mutton":6,"minecraft:bone":6,"minecraft:apple":5,"minecraft:iron_ingot":8,"minecraft:beef":11,"minecraft:iron_ore":75,"minecraft:poppy":2,"minecraft:iron_pickaxe":3,"minecraft:oak_planks":67,"minecraft:iron_boots":1,"minecraft:furnace":2,"minecraft:stick":2,"minecraft:sandstone":1,"minecraft:cooked_porkchop":6,"minecraft:torch":1,"minecraft:porkchop":7,"minecraft:diorite":5,"minecraft:white_bed":2,"minecraft:arrow":6,"minecraft:rotten_flesh":19,"minecraft:granite":40,"minecraft:gray_wool":1,"minecraft:bread":2,"minecraft:emerald":1,"minecraft:black_wool":2,"minecraft:mutton":21,"minecraft:coal":146,"minecraft:white_wool":24,"minecraft:cobblestone":340},"minecraft:used":{"minecraft:cooked_mutton":9,"minecraft:diorite":5,"minecraft:oak_planks":40,"minecraft:wooden_pickaxe":13,"minecraft:shield":12,"minecraft:sandstone":1,"minecraft:white_wool":2,"minecraft:crafting_table":4,"minecraft:white_bed":2,"minecraft:wooden_axe":60,"minecraft:black_wool":1,"minecraft:iron_axe":100,"minecraft:bread":2,"minecraft:iron_pickaxe":356,"minecraft:cobblestone":62,"minecraft:furnace":3,"minecraft:cooked_porkchop":1,"minecraft:yellow_bed":1,"minecraft:gray_wool":1},"minecraft:dropped":{"minecraft:crafting_table":1,"minecraft:apple":1,"minecraft:emerald":1,"minecraft:mutton":6,"minecraft:wooden_axe":1,"minecraft:wooden_pickaxe":2},"minecraft:crafted":{"minecraft:cooked_beef":11,"minecraft:oak_planks":156,"minecraft:cooked_porkchop":7,"minecraft:crafting_table":2,"minecraft:wooden_pickaxe":1,"minecraft:furnace":1,"minecraft:cooked_mutton":15,"minecraft:air":0,"minecraft:iron_boots":1,"minecraft:iron_chestplate":1,"minecraft:shield":1,"minecraft:iron_axe":1,"minecraft:stick":12,"minecraft:iron_ingot":24,"minecraft:iron_pickaxe":1,"minecraft:wooden_axe":2,"minecraft:iron_leggings":1}},"DataVersion":2586}