{"stats":{"minecraft:broken":{"minecraft:wooden_axe":1},"minecraft:mined":{"minecraft:white_bed":1,"minecraft:crafting_table":3,"minecraft:granite":20,"minecraft:tall_grass":4,"minecraft:cobblestone":15,"minecraft:oak_planks":3,"minecraft:diorite":5,"minecraft:sandstone":2,"minecraft:furnace":1,"minecraft:iron_ore":25,"minecraft:yellow_bed":1,"minecraft:grass":14,"minecraft:oak_log":25,"minecraft:stone":175,"minecraft:oak_leaves":1},"minecraft:custom":{"minecraft:interact_with_furnace":12,"minecraft:mob_kills":27,"minecraft:interact_with_crafting_table":8,"minecraft:play_one_minute":33000,"minecraft:bell_ring":17,"minecraft:interact_with_grindstone":1,"minecraft:leave_game":1,"minecraft:time_since_death":33000,"minecraft:sleep_in_bed":1,"minecraft:time_since_rest":9805,"minecraft:sprint_one_cm":91934,"minecraft:damage_taken":355,"minecraft:walk_one_cm":64576,"minecraft:damage_blocked_by_shield":40,"minecraft:drop":12,"minecraft:damage_dealt":2864,"minecraft:talked_to_villager":8,"minecraft:swim_one_cm":635,"minecraft:fly_one_cm":152063,"minecraft:player_kills":2,"minecraft:open_chest":5,"minecraft:pig_one_cm":440,"minecraft:crouch_one_cm":2739,"minecraft:sneak_time":1440,"minecraft:walk_under_water_one_cm":181,"minecraft:jump":825,"minecraft:walk_on_water_one_cm":609,"minecraft:fall_one_cm":17907},"minecraft:killed":{"minecraft:pig":3,"minecraft:sheep":15,"minecraft:skeleton":2,"minecraft:zombie":2,"minecraft:cow":4},"minecraft:picked_up":{"minecraft:crafting_table":3,"minecraft:leather":7,"minecraft:brown_wool":1,"minecraft:wooden_pickaxe":1,"minecraft:oak_log":26,"minecraft:yellow_bed":1,"minecraft:bone":2,"minecraft:apple":3,"minecraft:iron_ingot":5,"minecraft:beef":11,"minecraft:iron_ore":39,"minecraft:poppy":1,"minecraft:iron_pickaxe":1,"minecraft:oak_planks":19,"minecraft:furnace":2,"minecraft:sandstone":1,"minecraft:porkchop":7,"minecraft:diorite":5,"minecraft:white_bed":2,"minecraft:rotten_flesh":3,"minecraft:granite":20,"minecraft:gray_wool":1,"minecraft:emerald":1,"minecraft:bread":2,"minecraft:black_wool":1,"minecraft:mutton":21,"minecraft:white_wool":13,"minecraft:cobblestone":190},"minecraft:used":{"minecraft:cooked_mutton":5,"minecraft:diorite":5,"minecraft:oak_planks":40,"minecraft:wooden_pickaxe":13,"minecraft:shield":1,"minecraft:sandstone":1,"minecraft:white_wool":2,"minecraft:crafting_table":4,"minecraft:white_bed":2,"minecraft:wooden_axe":60,"minecraft:iron_axe":46,"minecraft:bread":2,"minecraft:iron_pickaxe":231,"minecraft:cobblestone":33,"minecraft:furnace":3,"minecraft:gray_wool":1},"minecraft:dropped":{"minecraft:crafting_table":1,"minecraft:apple":1,"minecraft:emerald":1,"minecraft:mutton":6,"minecraft:wooden_axe":1,"minecraft:wooden_pickaxe":2},"minecraft:crafted":{"minecraft:oak_planks":104,"minecraft:cooked_porkchop":7,"minecraft:crafting_table":2,"minecraft:wooden_pickaxe":1,"minecraft:furnace":1,"minecraft:cooked_mutton":15,"minecraft:air":0,"minecraft:shield":1,"minecraft:iron_axe":1,"minecraft:stick":8,"minecraft:iron_ingot":10,"minecraft:wooden_axe":2}},"DataVersion":2586}