{"stats":{"minecraft:mined":{"minecraft:dark_oak_planks":23,"minecraft:white_bed":10,"minecraft:farmland":1,"minecraft:dark_oak_log":17,"minecraft:granite":23,"minecraft:grass_block":33,"minecraft:spruce_leaves":7,"minecraft:spawner":1,"minecraft:large_fern":3,"minecraft:hay_block":31,"minecraft:redstone_ore":6,"minecraft:furnace":4,"minecraft:iron_ore":49,"minecraft:andesite":27,"minecraft:stone":612,"minecraft:crafting_table":7,"minecraft:chest":2,"minecraft:tall_grass":6,"minecraft:cobblestone":9,"minecraft:oak_planks":8,"minecraft:diorite":8,"minecraft:wall_torch":3,"minecraft:birch_planks":3,"minecraft:birch_log":28,"minecraft:spruce_log":22,"minecraft:yellow_bed":3,"minecraft:grass_path":1,"minecraft:grass":95,"minecraft:oak_log":76,"minecraft:coal_ore":61,"minecraft:sunflower":7,"minecraft:dirt":76,"minecraft:oak_leaves":8},"minecraft:killed":{"minecraft:spider":5,"minecraft:skeleton":5,"minecraft:chicken":1,"minecraft:pig":19,"minecraft:creeper":2,"minecraft:sheep":21,"minecraft:zombie":7,"minecraft:cow":17},"minecraft:custom":{"minecraft:mob_kills":78,"minecraft:interact_with_crafting_table":30,"minecraft:leave_game":6,"minecraft:time_since_death":133191,"minecraft:sprint_one_cm":614919,"minecraft:walk_one_cm":198548,"minecraft:damage_blocked_by_shield":130,"minecraft:drop":44,"minecraft:deaths":1,"minecraft:sneak_time":3512,"minecraft:walk_under_water_one_cm":5986,"minecraft:boat_one_cm":172523,"minecraft:jump":4315,"minecraft:walk_on_water_one_cm":16608,"minecraft:interact_with_furnace":67,"minecraft:play_one_minute":160815,"minecraft:sleep_in_bed":9,"minecraft:time_since_rest":1720,"minecraft:damage_taken":2081,"minecraft:damage_dealt":9600,"minecraft:swim_one_cm":22985,"minecraft:fly_one_cm":946490,"minecraft:open_chest":20,"minecraft:crouch_one_cm":5514,"minecraft:fall_one_cm":127854},"minecraft:crafted":{"minecraft:oak_planks":292,"minecraft:furnace":2,"minecraft:cooked_mutton":16,"minecraft:iron_boots":1,"minecraft:iron_axe":1,"minecraft:stone_pickaxe":1,"minecraft:chest":3,"minecraft:dark_oak_planks":68,"minecraft:wheat":270,"minecraft:cooked_beef":34,"minecraft:cooked_porkchop":33,"minecraft:diamond_axe":1,"minecraft:crafting_table":3,"minecraft:spruce_planks":84,"minecraft:wooden_pickaxe":1,"minecraft:iron_helmet":1,"minecraft:birch_planks":112,"minecraft:stone_axe":1,"minecraft:bread":90,"minecraft:air":0,"minecraft:oak_fence_gate":2,"minecraft:iron_chestplate":1,"minecraft:diamond_pickaxe":1,"minecraft:shield":1,"minecraft:stick":40,"minecraft:iron_ingot":28,"minecraft:iron_pickaxe":1,"minecraft:wooden_axe":1,"minecraft:iron_leggings":1,"minecraft:white_bed":2,"minecraft:torch":64},"minecraft:used":{"minecraft:chest":4,"minecraft:spruce_planks":84,"minecraft:shield":5,"minecraft:torch":50,"minecraft:dirt":99,"minecraft:oak_fence_gate":2,"minecraft:dark_oak_planks":99,"minecraft:wooden_axe":12,"minecraft:iron_axe":159,"minecraft:light_gray_wool":1,"minecraft:hay_block":1,"minecraft:oak_sapling":2,"minecraft:furnace":4,"minecraft:egg":1,"minecraft:cooked_beef":18,"minecraft:cooked_mutton":12,"minecraft:diorite":2,"minecraft:birch_planks":107,"minecraft:stone_pickaxe":35,"minecraft:oak_planks":175,"minecraft:wooden_pickaxe":14,"minecraft:diamond_axe":292,"minecraft:white_wool":10,"minecraft:sand":20,"minecraft:crafting_table":9,"minecraft:white_bed":9,"minecraft:diamond_pickaxe":696,"minecraft:dark_oak_log":1,"minecraft:bread":7,"minecraft:iron_pickaxe":88,"minecraft:stone_axe":17,"minecraft:cobblestone":88,"minecraft:cooked_porkchop":3,"minecraft:yellow_bed":3,"minecraft:oak_boat":1},"minecraft:dropped":{"minecraft:iron_ingot":3,"minecraft:wheat_seeds":12,"minecraft:cooked_beef":25,"minecraft:feather":6,"minecraft:iron_horse_armor":1,"minecraft:dirt":7,"minecraft:diorite":1,"minecraft:wooden_axe":2,"minecraft:sunflower":5,"minecraft:string":9,"minecraft:lily_pad":4,"minecraft:composter":1,"minecraft:oak_planks":1,"minecraft:cooked_mutton":15,"minecraft:pumpkin_seeds":8,"minecraft:gunpowder":14,"minecraft:chest":1,"minecraft:oak_sapling":3,"minecraft:wooden_pickaxe":1,"minecraft:black_wool":1,"minecraft:egg":1},"minecraft:killed_by":{"minecraft:creeper":1},"minecraft:picked_up":{"minecraft:wooden_axe":4,"minecraft:crafting_table":8,"minecraft:iron_chestplate":2,"minecraft:wooden_pickaxe":3,"minecraft:diamond_horse_armor":2,"minecraft:shield":2,"minecraft:string":20,"minecraft:iron_axe":2,"minecraft:iron_leggings":2,"minecraft:beef":34,"minecraft:oak_boat":1,"minecraft:iron_pickaxe":2,"minecraft:light_gray_wool":1,"minecraft:sugar_cane":17,"minecraft:chest":2,"minecraft:furnace":8,"minecraft:egg":3,"minecraft:iron_boots":2,"minecraft:stick":1,"minecraft:composter":2,"minecraft:torch":99,"minecraft:porkchop":39,"minecraft:diorite":11,"minecraft:carrot":7,"minecraft:redstone":28,"minecraft:iron_horse_armor":2,"minecraft:dark_oak_planks":168,"minecraft:arrow":12,"minecraft:rotten_flesh":5,"minecraft:hay_block":31,"minecraft:saddle":1,"minecraft:gold_ingot":4,"minecraft:mutton":24,"minecraft:cobblestone":645,"minecraft:white_wool":29,"minecraft:birch_log":28,"minecraft:feather":6,"minecraft:cooked_beef":25,"minecraft:water_bucket":1,"minecraft:andesite":26,"minecraft:leather":38,"minecraft:potato":4,"minecraft:birch_planks":3,"minecraft:oak_log":73,"minecraft:lily_pad":4,"minecraft:yellow_bed":3,"minecraft:gunpowder":18,"minecraft:dirt":111,"minecraft:cooked_mutton":11,"minecraft:bone":19,"minecraft:wheat_seeds":18,"minecraft:bell":1,"minecraft:stone_pickaxe":4,"minecraft:iron_ingot":6,"minecraft:cooked_chicken":4,"minecraft:iron_ore":49,"minecraft:oak_planks":21,"minecraft:cooked_porkchop":10,"minecraft:sand":40,"minecraft:white_bed":11,"minecraft:spruce_log":21,"minecraft:dark_oak_log":18,"minecraft:spider_eye":1,"minecraft:pumpkin_seeds":8,"minecraft:diamond":21,"minecraft:stone_axe":4,"minecraft:iron_helmet":2,"minecraft:granite":23,"minecraft:golden_horse_armor":2,"minecraft:oak_sapling":10,"minecraft:black_wool":2,"minecraft:coal":103,"minecraft:sunflower":10}},"DataVersion":2586}