{"stats":{"minecraft:used":{"minecraft:wooden_axe":22,"minecraft:iron_axe":26,"minecraft:stone_pickaxe":109,"minecraft:iron_pickaxe":27,"minecraft:wooden_pickaxe":17,"minecraft:stone_axe":60,"minecraft:torch":8,"minecraft:dirt":1,"minecraft:cobblestone":29,"minecraft:crafting_table":7,"minecraft:furnace":3,"minecraft:bucket":1,"minecraft:white_bed":2,"minecraft:cooked_beef":6,"minecraft:acacia_planks":1},"minecraft:custom":{"minecraft:time_since_rest":7016,"minecraft:interact_with_furnace":33,"minecraft:sprint_one_cm":124653,"minecraft:damage_taken":180,"minecraft:walk_one_cm":35052,"minecraft:mob_kills":50,"minecraft:damage_dealt":4680,"minecraft:swim_one_cm":20130,"minecraft:interact_with_crafting_table":9,"minecraft:fly_one_cm":257128,"minecraft:crouch_one_cm":10862,"minecraft:play_time":34664,"minecraft:sneak_time":4144,"minecraft:walk_under_water_one_cm":1208,"minecraft:jump":1073,"minecraft:time_since_death":34664,"minecraft:walk_on_water_one_cm":8455,"minecraft:sleep_in_bed":2,"minecraft:total_world_time":34664,"minecraft:fall_one_cm":34125},"minecraft:crafted":{"minecraft:cooked_beef":17,"minecraft:cooked_porkchop":21,"minecraft:iron_axe":1,"minecraft:crafting_table":1,"minecraft:stick":24,"minecraft:iron_pickaxe":1,"minecraft:iron_ingot":15,"minecraft:wooden_pickaxe":1,"minecraft:stone_pickaxe":1,"minecraft:wooden_axe":1,"minecraft:furnace":2,"minecraft:white_bed":1,"minecraft:bucket":2,"minecraft:acacia_planks":84,"minecraft:torch":28,"minecraft:cooked_mutton":16,"minecraft:stone_axe":1,"minecraft:air":0},"minecraft:picked_up":{"minecraft:stick":2,"minecraft:raw_iron":15,"minecraft:crafting_table":7,"minecraft:leather":14,"minecraft:torch":1,"minecraft:acacia_log":21,"minecraft:porkchop":31,"minecraft:white_bed":2,"minecraft:gunpowder":1,"minecraft:dirt":1,"minecraft:string":2,"minecraft:wheat_seeds":1,"minecraft:beef":17,"minecraft:birch_sapling":1,"minecraft:gray_wool":2,"minecraft:light_gray_wool":1,"minecraft:sugar_cane":22,"minecraft:mutton":34,"minecraft:coal":44,"minecraft:white_wool":21,"minecraft:cobblestone":83,"minecraft:furnace":3},"minecraft:killed":{"minecraft:sheep":24,"minecraft:pig":14,"minecraft:spider":1,"minecraft:creeper":1,"minecraft:cow":10},"minecraft:mined":{"minecraft:acacia_leaves":2,"minecraft:white_bed":2,"minecraft:furnace":3,"minecraft:iron_ore":15,"minecraft:birch_leaves":4,"minecraft:crafting_table":7,"minecraft:grass_block":1,"minecraft:grass":8,"minecraft:acacia_log":21,"minecraft:coal_ore":44,"minecraft:tall_grass":1,"minecraft:stone":86,"minecraft:sugar_cane":12,"minecraft:wall_torch":1}},"DataVersion":3465}