{"stats":{"minecraft:broken":{"minecraft:stone_hoe":1},"minecraft:mined":{"minecraft:smithing_table":1,"minecraft:oak_slab":48,"minecraft:cut_sandstone":1,"minecraft:stone_pressure_plate":1,"minecraft:white_bed":17,"minecraft:red_bed":8,"minecraft:dark_oak_leaves":50,"minecraft:smoker":1,"minecraft:dark_oak_log":34,"minecraft:orange_terracotta":1,"minecraft:brewing_stand":1,"minecraft:crafting_table":5,"minecraft:acacia_log":9,"minecraft:grass_block":66,"minecraft:chest":5,"minecraft:dead_bush":3,"minecraft:tall_grass":43,"minecraft:composter":3,"minecraft:sugar_cane":27,"minecraft:oak_planks":3,"minecraft:cartography_table":2,"minecraft:diorite":1,"minecraft:sandstone":20,"minecraft:cauldron":7,"minecraft:hay_block":83,"minecraft:wheat":3,"minecraft:chiseled_sandstone":1,"minecraft:andesite":3,"minecraft:grass_path":26,"minecraft:yellow_bed":25,"minecraft:bell":1,"minecraft:grass":169,"minecraft:coal_ore":18,"minecraft:oak_log":31,"minecraft:dark_oak_sapling":1,"minecraft:dirt":30,"minecraft:sand":1,"minecraft:stripped_oak_log":2,"minecraft:stonecutter":1,"minecraft:stone":27,"minecraft:oak_leaves":10},"minecraft:custom":{"minecraft:mob_kills":5,"minecraft:interact_with_crafting_table":15,"minecraft:interact_with_cartography_table":1,"minecraft:play_one_minute":66619,"minecraft:bell_ring":40,"minecraft:leave_game":2,"minecraft:time_since_death":65710,"minecraft:sleep_in_bed":6,"minecraft:time_since_rest":2025,"minecraft:sprint_one_cm":223932,"minecraft:damage_taken":595,"minecraft:walk_one_cm":114788,"minecraft:drop":22,"minecraft:damage_dealt":3217,"minecraft:talked_to_villager":6,"minecraft:swim_one_cm":3427,"minecraft:fly_one_cm":546760,"minecraft:open_chest":64,"minecraft:crouch_one_cm":6150,"minecraft:deaths":1,"minecraft:sneak_time":3746,"minecraft:walk_under_water_one_cm":847,"minecraft:boat_one_cm":21759,"minecraft:jump":2235,"minecraft:walk_on_water_one_cm":5090,"minecraft:fall_one_cm":65192},"minecraft:killed":{"minecraft:iron_golem":3,"minecraft:sheep":2},"minecraft:killed_by":{"minecraft:player":1},"minecraft:picked_up":{"minecraft:stripped_oak_log":2,"minecraft:crafting_table":4,"minecraft:leather_chestplate":3,"minecraft:feather":3,"minecraft:andesite":3,"minecraft:leather":2,"minecraft:cut_sandstone":1,"minecraft:smithing_table":1,"minecraft:smoker":1,"minecraft:potato":23,"minecraft:oak_log":31,"minecraft:brewing_stand":1,"minecraft:yellow_bed":25,"minecraft:dirt":118,"minecraft:red_bed":8,"minecraft:orange_terracotta":1,"minecraft:apple":12,"minecraft:stonecutter":1,"minecraft:wheat_seeds":32,"minecraft:cartography_table":2,"minecraft:bell":2,"minecraft:iron_ingot":10,"minecraft:oak_boat":2,"minecraft:poppy":6,"minecraft:chest":6,"minecraft:sugar_cane":52,"minecraft:oak_planks":3,"minecraft:acacia_sapling":9,"minecraft:oak_slab":61,"minecraft:dark_oak_sapling":8,"minecraft:stick":2,"minecraft:sandstone":20,"minecraft:composter":3,"minecraft:acacia_log":9,"minecraft:dandelion":1,"minecraft:sand":1,"minecraft:dark_oak_log":34,"minecraft:diorite":1,"minecraft:white_bed":17,"minecraft:chiseled_sandstone":1,"minecraft:leather_helmet":3,"minecraft:cauldron":7,"minecraft:stone_pressure_plate":1,"minecraft:rotten_flesh":2,"minecraft:stone_axe":5,"minecraft:hay_block":83,"minecraft:bread":8,"minecraft:emerald":3,"minecraft:saddle":1,"minecraft:mutton":4,"minecraft:coal":18,"minecraft:white_wool":2,"minecraft:cobblestone":27},"minecraft:used":{"minecraft:water_bucket":2,"minecraft:stone_shovel":146,"minecraft:oak_planks":3,"minecraft:cartography_table":1,"minecraft:chest":5,"minecraft:wooden_pickaxe":9,"minecraft:sandstone":8,"minecraft:composter":2,"minecraft:fletching_table":1,"minecraft:bell":2,"minecraft:stone_hoe":136,"minecraft:rotten_flesh":3,"minecraft:torch":12,"minecraft:sand":4,"minecraft:dirt":15,"minecraft:oak_slab":185,"minecraft:crafting_table":6,"minecraft:red_bed":8,"minecraft:white_bed":17,"minecraft:iron_axe":49,"minecraft:bread":18,"minecraft:iron_pickaxe":111,"minecraft:stone_axe":161,"minecraft:golden_sword":17,"minecraft:bucket":3,"minecraft:andesite":1,"minecraft:oak_boat":2,"minecraft:yellow_bed":24,"minecraft:bone_meal":10,"minecraft:dark_oak_sapling":8},"minecraft:crafted":{"minecraft:stone_shovel":1,"minecraft:oak_slab":168,"minecraft:oak_planks":132,"minecraft:crafting_table":2,"minecraft:wooden_pickaxe":1,"minecraft:fletching_table":1,"minecraft:bucket":1,"minecraft:bone_meal":30,"minecraft:stone_axe":2,"minecraft:bread":57,"minecraft:oak_boat":1,"minecraft:iron_axe":1,"minecraft:stick":20,"minecraft:iron_pickaxe":1,"minecraft:acacia_planks":36,"minecraft:torch":32,"minecraft:stone_hoe":1,"minecraft:wheat":171},"minecraft:dropped":{"minecraft:stone_axe":4,"minecraft:wheat_seeds":2,"minecraft:feather":3,"minecraft:rotten_flesh":2,"minecraft:apple":6,"minecraft:leather_helmet":1,"minecraft:emerald":2,"minecraft:potato":8,"minecraft:chest":1,"minecraft:acacia_sapling":6,"minecraft:sand":1,"minecraft:dandelion":1}},"DataVersion":2586}