{"stats":{"minecraft:dropped":{"minecraft:sunflower":1,"minecraft:wheat_seeds":2},"minecraft:mined":{"minecraft:tall_grass":5,"minecraft:grass":8,"minecraft:sunflower":3},"minecraft:picked_up":{"minecraft:wheat_seeds":2,"minecraft:sunflower":1},"minecraft:custom":{"minecraft:jump":203,"minecraft:time_since_rest":5430,"minecraft:damage_taken":20,"minecraft:leave_game":2,"minecraft:play_time":5430,"minecraft:sprint_one_cm":18989,"minecraft:time_since_death":5430,"minecraft:walk_on_water_one_cm":325,"minecraft:walk_one_cm":1331,"minecraft:total_world_time":5430,"minecraft:walk_under_water_one_cm":1027,"minecraft:swim_one_cm":1088,"minecraft:fall_one_cm":8244,"minecraft:drop":3,"minecraft:fly_one_cm":56708}},"DataVersion":3465}