{"stats":{"minecraft:custom":{"minecraft:interact_with_furnace":12,"minecraft:mob_kills":19,"minecraft:interact_with_cartography_table":3,"minecraft:interact_with_crafting_table":25,"minecraft:leave_game":2,"minecraft:time_since_death":8046,"minecraft:time_since_rest":8124,"minecraft:sprint_one_cm":181774,"minecraft:damage_taken":1219,"minecraft:walk_one_cm":142030,"minecraft:damage_blocked_by_shield":430,"minecraft:drop":24,"minecraft:damage_dealt":1468,"minecraft:player_kills":1,"minecraft:swim_one_cm":18146,"minecraft:fly_one_cm":365517,"minecraft:open_chest":17,"minecraft:crouch_one_cm":51935,"minecraft:play_time":88873,"minecraft:deaths":4,"minecraft:sneak_time":12031,"minecraft:walk_under_water_one_cm":2593,"minecraft:boat_one_cm":159857,"minecraft:jump":1735,"minecraft:walk_on_water_one_cm":6085,"minecraft:total_world_time":88873,"minecraft:fall_one_cm":38730},"minecraft:killed":{"minecraft:magma_cube":15,"minecraft:piglin":1,"minecraft:skeleton":3},"minecraft:picked_up":{"minecraft:birch_log":13,"minecraft:crafting_table":6,"minecraft:magma_cream":1,"minecraft:nether_wart":4,"minecraft:andesite":8,"minecraft:smithing_table":2,"minecraft:wooden_pickaxe":1,"minecraft:filled_map":1,"minecraft:flint":2,"minecraft:tuff":84,"minecraft:oak_log":21,"minecraft:map":4,"minecraft:lapis_lazuli":70,"minecraft:dirt":25,"minecraft:wheat_seeds":1,"minecraft:diamond_leggings":1,"minecraft:cobbled_deepslate":475,"minecraft:spruce_planks":11,"minecraft:oak_boat":1,"minecraft:diamond_helmet":1,"minecraft:sugar_cane":6,"minecraft:birch_sapling":1,"minecraft:stick":2,"minecraft:raw_iron":35,"minecraft:torch":2,"minecraft:gravel":10,"minecraft:sand":5,"minecraft:diorite":17,"minecraft:white_bed":6,"minecraft:spruce_log":5,"minecraft:redstone":14,"minecraft:arrow":2,"minecraft:diamond":65,"minecraft:diamond_boots":1,"minecraft:iron_helmet":1,"minecraft:granite":19,"minecraft:netherrack":80,"minecraft:coal":29,"minecraft:cobblestone":155},"minecraft:used":{"minecraft:water_bucket":3,"minecraft:flint_and_steel":1,"minecraft:stone_pickaxe":121,"minecraft:wooden_pickaxe":12,"minecraft:chest":1,"minecraft:birch_boat":1,"minecraft:shield":17,"minecraft:cooked_salmon":6,"minecraft:netherrack":52,"minecraft:torch":30,"minecraft:sand":4,"minecraft:crafting_table":10,"minecraft:white_bed":1,"minecraft:tuff":57,"minecraft:diamond_pickaxe":791,"minecraft:lava_bucket":14,"minecraft:map":1,"minecraft:iron_pickaxe":180,"minecraft:suspicious_stew":1,"minecraft:iron_axe":22,"minecraft:gravel":2,"minecraft:stone_axe":18,"minecraft:diamond_sword":44,"minecraft:furnace":2,"minecraft:bucket":18,"minecraft:oak_boat":2,"minecraft:potato":5,"minecraft:cobbled_deepslate":453},"minecraft:crafted":{"minecraft:oak_planks":60,"minecraft:diamond_sword":1,"minecraft:crafting_table":5,"minecraft:spruce_planks":20,"minecraft:birch_boat":1,"minecraft:wooden_pickaxe":2,"minecraft:iron_helmet":1,"minecraft:furnace":3,"minecraft:bucket":1,"minecraft:birch_planks":12,"minecraft:stone_axe":1,"minecraft:air":0,"minecraft:flint_and_steel":1,"minecraft:oak_boat":1,"minecraft:diamond_helmet":1,"minecraft:diamond_leggings":1,"minecraft:diamond_pickaxe":1,"minecraft:shield":1,"minecraft:iron_axe":1,"minecraft:stick":48,"minecraft:iron_ingot":27,"minecraft:iron_pickaxe":2,"minecraft:stone_pickaxe":1,"minecraft:chest":1,"minecraft:diamond_boots":1,"minecraft:torch":40,"minecraft:diamond_chestplate":1},"minecraft:mined":{"minecraft:smithing_table":1,"minecraft:deepslate_redstone_ore":3,"minecraft:tuff":101,"minecraft:white_bed":4,"minecraft:glass_pane":1,"minecraft:deepslate_diamond_ore":65,"minecraft:soul_fire":10,"minecraft:crafting_table":5,"minecraft:granite":19,"minecraft:grass_block":5,"minecraft:tall_grass":3,"minecraft:cobblestone":1,"minecraft:spruce_leaves":1,"minecraft:sugar_cane":2,"minecraft:nether_wart":6,"minecraft:diorite":17,"minecraft:wall_torch":2,"minecraft:large_fern":1,"minecraft:birch_log":14,"minecraft:iron_ore":28,"minecraft:cobbled_deepslate":1,"minecraft:fire":5,"minecraft:spruce_log":5,"minecraft:andesite":8,"minecraft:deepslate_lapis_ore":12,"minecraft:grass":6,"minecraft:oak_log":21,"minecraft:coal_ore":29,"minecraft:deepslate_iron_ore":7,"minecraft:gravel":11,"minecraft:sand":8,"minecraft:dirt":20,"minecraft:stone":155,"minecraft:netherrack":87,"minecraft:oak_leaves":5,"minecraft:deepslate":535},"minecraft:killed_by":{"minecraft:player":1,"minecraft:skeleton":1},"minecraft:dropped":{"minecraft:wheat_seeds":1,"minecraft:smithing_table":1,"minecraft:cobbled_deepslate":7,"minecraft:crafting_table":1,"minecraft:tuff":27,"minecraft:birch_sapling":1,"minecraft:diamond_leggings":1,"minecraft:iron_helmet":1,"minecraft:cobblestone":62,"minecraft:white_bed":2,"minecraft:stick":2,"minecraft:filled_map":1,"minecraft:dirt":1,"minecraft:diorite":17,"minecraft:spruce_planks":11,"minecraft:map":4,"minecraft:diamond_helmet":1,"minecraft:diamond_boots":1,"minecraft:wooden_pickaxe":1}},"DataVersion":3465}