{"stats":{"minecraft:custom":{"minecraft:mob_kills":28,"minecraft:traded_with_villager":7,"minecraft:interact_with_crafting_table":14,"minecraft:bell_ring":21,"minecraft:leave_game":4,"minecraft:time_since_death":48996,"minecraft:sleep_in_bed":5,"minecraft:time_since_rest":8814,"minecraft:sprint_one_cm":169954,"minecraft:damage_taken":375,"minecraft:walk_one_cm":104500,"minecraft:drop":8,"minecraft:damage_dealt":4683,"minecraft:swim_one_cm":7287,"minecraft:talked_to_villager":7,"minecraft:fly_one_cm":390234,"minecraft:open_chest":6,"minecraft:crouch_one_cm":3198,"minecraft:play_time":56745,"minecraft:deaths":1,"minecraft:sneak_time":2914,"minecraft:walk_under_water_one_cm":1246,"minecraft:boat_one_cm":44630,"minecraft:jump":1490,"minecraft:interact_with_blast_furnace":1,"minecraft:walk_on_water_one_cm":986,"minecraft:total_world_time":56745,"minecraft:fall_one_cm":45455},"minecraft:broken":{"minecraft:stone_pickaxe":1,"minecraft:stone_axe":1,"minecraft:golden_shovel":1},"minecraft:crafted":{"minecraft:oak_planks":284,"minecraft:oak_slab":138,"minecraft:emerald":7,"minecraft:crafting_table":3,"minecraft:wooden_pickaxe":1,"minecraft:fletching_table":1,"minecraft:stone_axe":2,"minecraft:bread":128,"minecraft:air":0,"minecraft:oak_boat":1,"minecraft:stick":252,"minecraft:iron_pickaxe":1,"minecraft:stone_pickaxe":1,"minecraft:torch":36,"minecraft:stone_hoe":1,"minecraft:wheat":396},"minecraft:killed":{"minecraft:spider":1,"minecraft:iron_golem":2,"minecraft:wandering_trader":1,"minecraft:sheep":2,"minecraft:trader_llama":2,"minecraft:cow":20},"minecraft:mined":{"minecraft:oak_slab":16,"minecraft:white_bed":5,"minecraft:oak_door":1,"minecraft:smoker":1,"minecraft:dandelion":2,"minecraft:oak_fence":1,"minecraft:crafting_table":2,"minecraft:torch":2,"minecraft:granite":10,"minecraft:blast_furnace":2,"minecraft:grass_block":13,"minecraft:chest":3,"minecraft:lectern":2,"minecraft:tall_grass":47,"minecraft:cobblestone":14,"minecraft:composter":2,"minecraft:sugar_cane":1,"minecraft:oak_planks":4,"minecraft:diorite":14,"minecraft:wall_torch":5,"minecraft:hay_block":47,"minecraft:iron_ore":6,"minecraft:fire":3,"minecraft:andesite":5,"minecraft:yellow_bed":7,"minecraft:grass":149,"minecraft:coal_ore":21,"minecraft:oak_log":72,"minecraft:dirt_path":3,"minecraft:sunflower":7,"minecraft:gravel":10,"minecraft:dirt":6,"minecraft:stone":158,"minecraft:deepslate":3,"minecraft:oak_leaves":8},"minecraft:killed_by":{"minecraft:spider":1},"minecraft:dropped":{"minecraft:wheat_seeds":10,"minecraft:sunflower":3,"minecraft:dandelion":2},"minecraft:used":{"minecraft:diorite":6,"minecraft:flint_and_steel":1,"minecraft:stone_pickaxe":138,"minecraft:oak_planks":4,"minecraft:chest":2,"minecraft:wooden_pickaxe":19,"minecraft:fletching_table":1,"minecraft:stone_hoe":54,"minecraft:torch":17,"minecraft:dirt":4,"minecraft:oak_slab":162,"minecraft:crafting_table":4,"minecraft:blast_furnace":1,"minecraft:white_bed":5,"minecraft:golden_shovel":18,"minecraft:bread":11,"minecraft:iron_pickaxe":104,"minecraft:lectern":1,"minecraft:stone_axe":231,"minecraft:hay_block":3,"minecraft:yellow_bed":6,"minecraft:oak_boat":2},"minecraft:picked_up":{"minecraft:crafting_table":2,"minecraft:leather":21,"minecraft:lead":2,"minecraft:smoker":1,"minecraft:golden_shovel":1,"minecraft:flint":2,"minecraft:oak_log":71,"minecraft:yellow_bed":7,"minecraft:dirt":20,"minecraft:flint_and_steel":1,"minecraft:apple":1,"minecraft:gold_nugget":15,"minecraft:wheat_seeds":17,"minecraft:iron_ingot":6,"minecraft:light_weighted_pressure_plate":1,"minecraft:beef":37,"minecraft:oak_boat":2,"minecraft:poppy":1,"minecraft:lectern":2,"minecraft:sugar_cane":3,"minecraft:chest":3,"minecraft:oak_planks":4,"minecraft:book":1,"minecraft:oak_slab":24,"minecraft:stick":1,"minecraft:raw_iron":6,"minecraft:oak_door":2,"minecraft:composter":2,"minecraft:oak_fence":1,"minecraft:torch":6,"minecraft:dandelion":3,"minecraft:gravel":8,"minecraft:blast_furnace":2,"minecraft:diorite":14,"minecraft:white_bed":5,"minecraft:hay_block":47,"minecraft:emerald":3,"minecraft:bread":7,"minecraft:oak_sapling":4,"minecraft:coal":21,"minecraft:mutton":4,"minecraft:obsidian":1,"minecraft:white_wool":2,"minecraft:cobblestone":139,"minecraft:sunflower":3}},"DataVersion":3465}