{"stats":{"minecraft:mined":{"minecraft:dark_oak_planks":1,"minecraft:nether_gold_ore":24,"minecraft:diamond_ore":63,"minecraft:spruce_planks":1,"minecraft:white_bed":12,"minecraft:farmland":13,"minecraft:oak_door":1,"minecraft:dark_oak_log":5,"minecraft:brewing_stand":1,"minecraft:obsidian":4,"minecraft:granite":42,"minecraft:acacia_log":6,"minecraft:grass_block":265,"minecraft:birch_slab":3,"minecraft:spruce_leaves":155,"minecraft:composter":4,"minecraft:large_fern":2,"minecraft:hay_block":62,"minecraft:redstone_ore":2,"minecraft:magma_block":34,"minecraft:spruce_sapling":8,"minecraft:furnace":3,"minecraft:carrots":33,"minecraft:iron_ore":52,"minecraft:fire":2,"minecraft:andesite":45,"minecraft:stripped_spruce_log":1,"minecraft:anvil":1,"minecraft:fletching_table":1,"minecraft:enchanting_table":1,"minecraft:bell":1,"minecraft:potatoes":13,"minecraft:oak_stairs":3,"minecraft:stripped_oak_log":10,"minecraft:stone":595,"minecraft:oak_slab":1,"minecraft:crimson_nylium":2,"minecraft:dandelion":11,"minecraft:oak_fence":10,"minecraft:crafting_table":6,"minecraft:blast_furnace":1,"minecraft:poppy":1,"minecraft:chest":3,"minecraft:lectern":62,"minecraft:nether_quartz_ore":347,"minecraft:tall_grass":34,"minecraft:cobblestone":17,"minecraft:lapis_ore":10,"minecraft:oak_planks":9,"minecraft:sugar_cane":103,"minecraft:diorite":43,"minecraft:white_terracotta":1,"minecraft:nether_wart_block":2,"minecraft:birch_log":28,"minecraft:wheat":57,"minecraft:sweet_berry_bush":8,"minecraft:spruce_log":250,"minecraft:white_carpet":1,"minecraft:birch_leaves":3,"minecraft:yellow_bed":12,"minecraft:grass_path":56,"minecraft:grass":172,"minecraft:oak_log":142,"minecraft:coal_ore":32,"minecraft:beetroots":6,"minecraft:gravel":39,"minecraft:dirt":69,"minecraft:stonecutter":3,"minecraft:ancient_debris":20,"minecraft:netherrack":1282,"minecraft:gold_ore":3,"minecraft:oak_leaves":34},"minecraft:killed":{"minecraft:spider":8,"minecraft:skeleton":7,"minecraft:pig":11,"minecraft:iron_golem":7,"minecraft:wandering_trader":1,"minecraft:creeper":3,"minecraft:sheep":10,"minecraft:trader_llama":2,"minecraft:zombie":19,"minecraft:cow":62},"minecraft:broken":{"minecraft:stone_pickaxe":1,"minecraft:iron_hoe":1},"minecraft:crafted":{"minecraft:oak_planks":600,"minecraft:diamond_hoe":2,"minecraft:birch_boat":1,"minecraft:birch_slab":168,"minecraft:furnace":6,"minecraft:bone_meal":15,"minecraft:diamond_shovel":1,"minecraft:bookshelf":16,"minecraft:white_carpet":6,"minecraft:flint_and_steel":1,"minecraft:diamond_helmet":1,"minecraft:diamond_leggings":1,"minecraft:iron_hoe":2,"minecraft:spruce_slab":54,"minecraft:stone_pickaxe":1,"minecraft:chest":6,"minecraft:diamond_boots":1,"minecraft:netherite_scrap":20,"minecraft:dark_oak_planks":16,"minecraft:oak_fence":24,"minecraft:wheat":684,"minecraft:oak_slab":6,"minecraft:diamond_sword":1,"minecraft:emerald":80,"minecraft:diamond_axe":2,"minecraft:crafting_table":9,"minecraft:enchanting_table":1,"minecraft:spruce_planks":972,"minecraft:wooden_pickaxe":1,"minecraft:smithing_table":1,"minecraft:fletching_table":1,"minecraft:bucket":3,"minecraft:hay_block":35,"minecraft:birch_planks":112,"minecraft:enchanted_book":1,"minecraft:bread":79,"minecraft:acacia_boat":1,"minecraft:air":0,"minecraft:lectern":1,"minecraft:book":32,"minecraft:paper":87,"minecraft:diamond_pickaxe":2,"minecraft:shield":1,"minecraft:stick":2720,"minecraft:iron_ingot":61,"minecraft:iron_pickaxe":1,"minecraft:iron_block":5,"minecraft:gold_ingot":6,"minecraft:anvil":1,"minecraft:white_bed":1,"minecraft:netherite_ingot":1,"minecraft:acacia_planks":24,"minecraft:torch":20,"minecraft:diamond_chestplate":1},"minecraft:custom":{"minecraft:interact_with_smithing_table":13,"minecraft:interact_with_anvil":5,"minecraft:mob_kills":130,"minecraft:animals_bred":76,"minecraft:interact_with_crafting_table":110,"minecraft:bell_ring":176,"minecraft:leave_game":8,"minecraft:time_since_death":267656,"minecraft:climb_one_cm":67,"minecraft:sprint_one_cm":883856,"minecraft:walk_one_cm":707520,"minecraft:damage_blocked_by_shield":555,"minecraft:drop":20,"minecraft:talked_to_villager":100,"minecraft:deaths":3,"minecraft:sneak_time":11154,"minecraft:walk_under_water_one_cm":5874,"minecraft:boat_one_cm":128031,"minecraft:interact_with_brewingstand":1,"minecraft:jump":7616,"minecraft:walk_on_water_one_cm":20140,"minecraft:enchant_item":9,"minecraft:interact_with_furnace":71,"minecraft:traded_with_villager":87,"minecraft:play_one_minute":295809,"minecraft:sleep_in_bed":24,"minecraft:time_since_rest":56670,"minecraft:damage_taken":2198,"minecraft:damage_dealt":22823,"minecraft:swim_one_cm":29302,"minecraft:fly_one_cm":1497552,"minecraft:open_chest":109,"minecraft:crouch_one_cm":24176,"minecraft:fall_one_cm":180234},"minecraft:used":{"minecraft:oak_fence":18,"minecraft:enchanting_table":2,"minecraft:flint_and_steel":1,"minecraft:spruce_slab":46,"minecraft:diamond_hoe":138,"minecraft:chest":9,"minecraft:spruce_planks":1,"minecraft:white_terracotta":1,"minecraft:shield":14,"minecraft:bell":1,"minecraft:rotten_flesh":1,"minecraft:netherrack":30,"minecraft:torch":21,"minecraft:brewing_stand":1,"minecraft:mutton":13,"minecraft:dirt":369,"minecraft:anvil":2,"minecraft:white_carpet":6,"minecraft:carrot":113,"minecraft:iron_hoe":256,"minecraft:dark_oak_planks":1,"minecraft:lava_bucket":10,"minecraft:bookshelf":15,"minecraft:beef":1,"minecraft:furnace":6,"minecraft:wheat_seeds":145,"minecraft:acacia_boat":2,"minecraft:water_bucket":54,"minecraft:diorite":16,"minecraft:iron_ore":1,"minecraft:birch_planks":2,"minecraft:stone_pickaxe":131,"minecraft:oak_planks":16,"minecraft:wooden_pickaxe":9,"minecraft:birch_boat":2,"minecraft:diamond_axe":833,"minecraft:fletching_table":2,"minecraft:stonecutter":1,"minecraft:sugar_cane":56,"minecraft:oak_slab":3,"minecraft:crafting_table":15,"minecraft:white_bed":13,"minecraft:oak_log":1,"minecraft:diamond_pickaxe":2302,"minecraft:diamond_shovel":339,"minecraft:iron_pickaxe":246,"minecraft:birch_slab":118,"minecraft:bread":66,"minecraft:lectern":63,"minecraft:gravel":24,"minecraft:spruce_sapling":59,"minecraft:nether_wart_block":1,"minecraft:diamond_sword":301,"minecraft:cobblestone":133,"minecraft:porkchop":1,"minecraft:smithing_table":1,"minecraft:andesite":2,"minecraft:bucket":66,"minecraft:yellow_bed":10,"minecraft:bone_meal":13},"minecraft:dropped":{"minecraft:acacia_boat":1,"minecraft:wheat_seeds":8,"minecraft:diamond":7,"minecraft:cobblestone":13,"minecraft:stick":1,"minecraft:diorite":1,"minecraft:stonecutter":1,"minecraft:dark_oak_planks":1,"minecraft:dandelion":6,"minecraft:rotten_flesh":7,"minecraft:poppy":1,"minecraft:oak_sapling":2},"minecraft:killed_by":{"minecraft:player":1},"minecraft:picked_up":{"minecraft:crafting_table":6,"minecraft:wheat":51,"minecraft:anvil":1,"minecraft:lead":8,"minecraft:oak_stairs":1,"minecraft:brewing_stand":1,"minecraft:cornflower":1,"minecraft:string":8,"minecraft:white_carpet":1,"minecraft:beetroot":6,"minecraft:gold_nugget":86,"minecraft:spruce_planks":1,"minecraft:beef":113,"minecraft:poppy":12,"minecraft:lectern":62,"minecraft:sugar_cane":151,"minecraft:chest":3,"minecraft:furnace":3,"minecraft:stick":30,"minecraft:oak_door":1,"minecraft:oak_fence":10,"minecraft:composter":3,"minecraft:torch":1,"minecraft:acacia_log":6,"minecraft:porkchop":21,"minecraft:diorite":53,"minecraft:carrot":121,"minecraft:redstone":10,"minecraft:dark_oak_planks":3,"minecraft:arrow":3,"minecraft:rotten_flesh":28,"minecraft:beetroot_seeds":15,"minecraft:hay_block":62,"minecraft:white_terracotta":1,"minecraft:obsidian":4,"minecraft:mutton":16,"minecraft:white_wool":8,"minecraft:cobblestone":691,"minecraft:stripped_oak_log":10,"minecraft:birch_log":28,"minecraft:enchanting_table":1,"minecraft:magma_block":26,"minecraft:birch_slab":3,"minecraft:andesite":45,"minecraft:leather":68,"minecraft:potato":54,"minecraft:flint":3,"minecraft:oak_log":141,"minecraft:ancient_debris":20,"minecraft:yellow_bed":12,"minecraft:nether_wart_block":2,"minecraft:gunpowder":3,"minecraft:acacia_boat":3,"minecraft:lapis_lazuli":70,"minecraft:dirt":394,"minecraft:bone":7,"minecraft:acacia_planks":7,"minecraft:apple":4,"minecraft:stonecutter":4,"minecraft:wheat_seeds":172,"minecraft:bell":1,"minecraft:iron_ingot":28,"minecraft:iron_ore":64,"minecraft:fletching_table":1,"minecraft:oak_planks":13,"minecraft:oak_slab":1,"minecraft:birch_boat":1,"minecraft:sweet_berries":16,"minecraft:quartz":344,"minecraft:dandelion":16,"minecraft:gravel":30,"minecraft:stripped_spruce_log":1,"minecraft:spruce_sapling":61,"minecraft:blast_furnace":1,"minecraft:white_bed":12,"minecraft:spruce_log":243,"minecraft:gold_ore":3,"minecraft:dark_oak_log":4,"minecraft:spider_eye":2,"minecraft:diamond":73,"minecraft:granite":29,"minecraft:bread":13,"minecraft:oak_sapling":9,"minecraft:netherrack":1271,"minecraft:coal":50}},"DataVersion":2586}