{"stats":{"minecraft:dropped":{"minecraft:wheat_seeds":24,"minecraft:oak_fence":1,"minecraft:cobblestone":3,"minecraft:diorite":6,"minecraft:sunflower":3,"minecraft:iron_pickaxe":1,"minecraft:lily_pad":2,"minecraft:dandelion":3,"minecraft:bone":4,"minecraft:kelp":2,"minecraft:sugar_cane":1,"minecraft:cobbled_deepslate":7,"minecraft:composter":2,"minecraft:oak_planks":5,"minecraft:azure_bluet":1,"minecraft:gunpowder":1,"minecraft:oak_boat":1,"minecraft:beef":1},"minecraft:mined":{"minecraft:tuff":3,"minecraft:white_bed":6,"minecraft:dark_oak_leaves":142,"minecraft:deepslate_diamond_ore":43,"minecraft:oak_door":1,"minecraft:dark_oak_log":81,"minecraft:jungle_leaves":3,"minecraft:granite":10,"minecraft:grass_block":13,"minecraft:spruce_leaves":32,"minecraft:composter":2,"minecraft:kelp":3,"minecraft:hay_block":54,"minecraft:iron_ore":6,"minecraft:cobbled_deepslate":3,"minecraft:fire":3,"minecraft:andesite":5,"minecraft:azure_bluet":1,"minecraft:peony":1,"minecraft:vine":1,"minecraft:dirt_path":5,"minecraft:bamboo":1,"minecraft:stone":169,"minecraft:oak_slab":18,"minecraft:smoker":1,"minecraft:dandelion":2,"minecraft:oak_fence":1,"minecraft:crafting_table":5,"minecraft:torch":2,"minecraft:blast_furnace":2,"minecraft:chest":3,"minecraft:lectern":121,"minecraft:tall_grass":87,"minecraft:cobblestone":14,"minecraft:sugar_cane":68,"minecraft:oak_planks":12,"minecraft:diorite":14,"minecraft:wall_torch":16,"minecraft:seagrass":2,"minecraft:wheat":1,"minecraft:birch_leaves":1,"minecraft:yellow_bed":9,"minecraft:grass":329,"minecraft:oak_log":174,"minecraft:coal_ore":21,"minecraft:dark_oak_sapling":1,"minecraft:sunflower":8,"minecraft:gravel":21,"minecraft:dirt":7,"minecraft:oak_leaves":102,"minecraft:deepslate":305,"minecraft:fern":3},"minecraft:crafted":{"minecraft:oak_planks":584,"minecraft:bookshelf":6,"minecraft:diamond_helmet":1,"minecraft:iron_hoe":1,"minecraft:stone_pickaxe":1,"minecraft:diamond_boots":1,"minecraft:dark_oak_planks":332,"minecraft:stone_hoe":1,"minecraft:wheat":450,"minecraft:oak_slab":162,"minecraft:diamond_sword":1,"minecraft:emerald":44,"minecraft:diamond_axe":1,"minecraft:crafting_table":4,"minecraft:wooden_pickaxe":1,"minecraft:fletching_table":1,"minecraft:stone_axe":2,"minecraft:enchanted_book":2,"minecraft:bread":142,"minecraft:air":0,"minecraft:oak_boat":2,"minecraft:lectern":1,"minecraft:book":21,"minecraft:iron_chestplate":1,"minecraft:paper":63,"minecraft:diamond_pickaxe":1,"minecraft:shield":1,"minecraft:stick":1504,"minecraft:iron_ingot":6,"minecraft:iron_pickaxe":2,"minecraft:torch":36,"minecraft:shears":1},"minecraft:killed":{"minecraft:spider":2,"minecraft:skeleton":3,"minecraft:iron_golem":3,"minecraft:wandering_trader":1,"minecraft:creeper":1,"minecraft:sheep":5,"minecraft:trader_llama":2,"minecraft:pillager":9,"minecraft:cow":22},"minecraft:picked_up":{"minecraft:crafting_table":5,"minecraft:wheat":1,"minecraft:azure_bluet":1,"minecraft:lead":2,"minecraft:golden_shovel":1,"minecraft:flint_and_steel":1,"minecraft:cobbled_deepslate":247,"minecraft:gold_nugget":15,"minecraft:light_weighted_pressure_plate":1,"minecraft:beef":38,"minecraft:oak_boat":8,"minecraft:iron_pickaxe":1,"minecraft:poppy":2,"minecraft:lectern":121,"minecraft:sugar_cane":105,"minecraft:chest":3,"minecraft:egg":1,"minecraft:dark_oak_sapling":18,"minecraft:stick":13,"minecraft:raw_iron":6,"minecraft:oak_door":2,"minecraft:composter":4,"minecraft:oak_fence":1,"minecraft:torch":17,"minecraft:diorite":20,"minecraft:carrot":4,"minecraft:arrow":2,"minecraft:hay_block":53,"minecraft:obsidian":1,"minecraft:mutton":9,"minecraft:cobblestone":149,"minecraft:white_wool":5,"minecraft:leather":23,"minecraft:smoker":1,"minecraft:flint":2,"minecraft:oak_log":172,"minecraft:lily_pad":2,"minecraft:yellow_bed":8,"minecraft:gunpowder":1,"minecraft:dirt":23,"minecraft:bone":4,"minecraft:apple":1,"minecraft:kelp":2,"minecraft:wheat_seeds":33,"minecraft:iron_ingot":10,"minecraft:bamboo":7,"minecraft:oak_planks":12,"minecraft:book":1,"minecraft:oak_slab":26,"minecraft:dandelion":3,"minecraft:gravel":19,"minecraft:blast_furnace":2,"minecraft:white_bed":6,"minecraft:dark_oak_log":81,"minecraft:diamond":43,"minecraft:emerald":3,"minecraft:bread":7,"minecraft:oak_sapling":9,"minecraft:coal":21,"minecraft:sunflower":4},"minecraft:killed_by":{"minecraft:spider":1},"minecraft:custom":{"minecraft:mob_kills":48,"minecraft:interact_with_crafting_table":54,"minecraft:bell_ring":21,"minecraft:leave_game":11,"minecraft:time_since_death":181703,"minecraft:climb_one_cm":3834,"minecraft:sprint_one_cm":583722,"minecraft:walk_one_cm":331276,"minecraft:damage_blocked_by_shield":810,"minecraft:drop":27,"minecraft:talked_to_villager":182,"minecraft:play_time":189452,"minecraft:deaths":1,"minecraft:sneak_time":8111,"minecraft:walk_under_water_one_cm":3087,"minecraft:boat_one_cm":124595,"minecraft:jump":5005,"minecraft:interact_with_blast_furnace":14,"minecraft:walk_on_water_one_cm":11114,"minecraft:total_world_time":189452,"minecraft:traded_with_villager":46,"minecraft:sleep_in_bed":12,"minecraft:time_since_rest":8585,"minecraft:damage_taken":1558,"minecraft:damage_dealt":9021,"minecraft:swim_one_cm":26033,"minecraft:fly_one_cm":1196146,"minecraft:open_chest":36,"minecraft:crouch_one_cm":11847,"minecraft:fall_one_cm":158281},"minecraft:broken":{"minecraft:golden_shovel":1,"minecraft:stone_pickaxe":1,"minecraft:stone_axe":1,"minecraft:iron_pickaxe":1},"minecraft:used":{"minecraft:flint_and_steel":1,"minecraft:poppy":1,"minecraft:chest":2,"minecraft:shield":23,"minecraft:stone_hoe":54,"minecraft:torch":30,"minecraft:dirt":7,"minecraft:golden_shovel":18,"minecraft:iron_hoe":237,"minecraft:bookshelf":5,"minecraft:hay_block":3,"minecraft:oak_sapling":2,"minecraft:cobbled_deepslate":34,"minecraft:dark_oak_sapling":18,"minecraft:wheat_seeds":1,"minecraft:diorite":14,"minecraft:stone_pickaxe":138,"minecraft:oak_planks":18,"minecraft:wooden_pickaxe":19,"minecraft:diamond_axe":396,"minecraft:fletching_table":1,"minecraft:sugar_cane":34,"minecraft:oak_slab":176,"minecraft:crafting_table":9,"minecraft:blast_furnace":2,"minecraft:white_bed":5,"minecraft:shears":10,"minecraft:diamond_pickaxe":155,"minecraft:sunflower":1,"minecraft:bread":54,"minecraft:iron_pickaxe":329,"minecraft:lectern":122,"minecraft:stone_axe":232,"minecraft:diamond_sword":218,"minecraft:cobblestone":61,"minecraft:yellow_bed":8,"minecraft:oak_boat":6}},"DataVersion":3465}