{"stats":{"minecraft:custom":{"minecraft:mob_kills":20,"minecraft:interact_with_crafting_table":37,"minecraft:leave_game":2,"minecraft:time_since_death":1347,"minecraft:sprint_one_cm":203540,"minecraft:walk_one_cm":203158,"minecraft:damage_blocked_by_shield":470,"minecraft:drop":25,"minecraft:play_time":124873,"minecraft:deaths":5,"minecraft:sneak_time":15475,"minecraft:walk_under_water_one_cm":4278,"minecraft:boat_one_cm":159857,"minecraft:jump":2008,"minecraft:walk_on_water_one_cm":14225,"minecraft:total_world_time":124873,"minecraft:interact_with_furnace":16,"minecraft:interact_with_cartography_table":3,"minecraft:sleep_in_bed":2,"minecraft:time_since_rest":1381,"minecraft:damage_taken":1419,"minecraft:damage_dealt":1808,"minecraft:swim_one_cm":18199,"minecraft:fly_one_cm":390956,"minecraft:player_kills":1,"minecraft:open_chest":25,"minecraft:crouch_one_cm":55232,"minecraft:fall_one_cm":44435},"minecraft:killed":{"minecraft:skeleton":4,"minecraft:magma_cube":15,"minecraft:piglin":1},"minecraft:picked_up":{"minecraft:crafting_table":11,"minecraft:nether_wart":4,"minecraft:smithing_table":2,"minecraft:diamond_sword":1,"minecraft:wooden_pickaxe":1,"minecraft:shield":1,"minecraft:flint_and_steel":2,"minecraft:blackstone":2,"minecraft:diamond_leggings":2,"minecraft:cobbled_deepslate":886,"minecraft:spruce_planks":12,"minecraft:oak_boat":1,"minecraft:iron_pickaxe":1,"minecraft:sugar_cane":6,"minecraft:birch_sapling":1,"minecraft:furnace":1,"minecraft:raw_iron":35,"minecraft:stick":2,"minecraft:torch":8,"minecraft:diorite":24,"minecraft:redstone":14,"minecraft:arrow":6,"minecraft:diamond_chestplate":1,"minecraft:diamond_boots":2,"minecraft:obsidian":14,"minecraft:snowball":48,"minecraft:cobblestone":173,"minecraft:birch_log":13,"minecraft:magma_cream":1,"minecraft:water_bucket":1,"minecraft:andesite":8,"minecraft:filled_map":1,"minecraft:flint":2,"minecraft:tuff":131,"minecraft:oak_log":21,"minecraft:lapis_lazuli":161,"minecraft:map":4,"minecraft:dirt":25,"minecraft:bone":2,"minecraft:wheat_seeds":1,"minecraft:iron_ingot":2,"minecraft:diamond_helmet":2,"minecraft:sand":9,"minecraft:gravel":10,"minecraft:white_bed":11,"minecraft:spruce_log":5,"minecraft:diamond":115,"minecraft:stone_axe":1,"minecraft:iron_helmet":1,"minecraft:diamond_axe":1,"minecraft:granite":19,"minecraft:netherrack":81,"minecraft:coal":39,"minecraft:diamond_pickaxe":1},"minecraft:used":{"minecraft:flint_and_steel":2,"minecraft:chest":2,"minecraft:shield":18,"minecraft:cooked_salmon":6,"minecraft:netherrack":52,"minecraft:torch":32,"minecraft:tuff":62,"minecraft:lava_bucket":28,"minecraft:iron_axe":22,"minecraft:furnace":3,"minecraft:potato":5,"minecraft:cobbled_deepslate":488,"minecraft:water_bucket":13,"minecraft:stone_pickaxe":121,"minecraft:birch_boat":1,"minecraft:wooden_pickaxe":12,"minecraft:diamond_axe":1,"minecraft:sand":7,"minecraft:crafting_table":15,"minecraft:white_bed":7,"minecraft:diamond_pickaxe":1359,"minecraft:suspicious_stew":1,"minecraft:iron_pickaxe":216,"minecraft:map":1,"minecraft:gravel":2,"minecraft:stone_axe":22,"minecraft:diamond_sword":53,"minecraft:bucket":43,"minecraft:oak_boat":2},"minecraft:crafted":{"minecraft:oak_planks":84,"minecraft:birch_boat":1,"minecraft:furnace":3,"minecraft:flint_and_steel":2,"minecraft:diamond_helmet":2,"minecraft:diamond_leggings":2,"minecraft:iron_axe":1,"minecraft:stone_pickaxe":1,"minecraft:chest":2,"minecraft:diamond_boots":2,"minecraft:diamond_sword":2,"minecraft:diamond_axe":1,"minecraft:crafting_table":5,"minecraft:spruce_planks":20,"minecraft:wooden_pickaxe":2,"minecraft:iron_helmet":1,"minecraft:bucket":2,"minecraft:birch_planks":12,"minecraft:stone_axe":1,"minecraft:air":0,"minecraft:oak_boat":1,"minecraft:diamond_pickaxe":2,"minecraft:shield":2,"minecraft:stick":48,"minecraft:iron_pickaxe":2,"minecraft:iron_ingot":29,"minecraft:torch":48,"minecraft:diamond_chestplate":2},"minecraft:mined":{"minecraft:diamond_ore":5,"minecraft:tuff":127,"minecraft:white_bed":9,"minecraft:deepslate_diamond_ore":110,"minecraft:obsidian":15,"minecraft:granite":19,"minecraft:grass_block":5,"minecraft:spruce_leaves":1,"minecraft:nether_wart":6,"minecraft:large_fern":1,"minecraft:furnace":1,"minecraft:iron_ore":28,"minecraft:fire":7,"minecraft:cobbled_deepslate":5,"minecraft:andesite":8,"minecraft:deepslate_lapis_ore":14,"minecraft:deepslate_iron_ore":7,"minecraft:stone":171,"minecraft:smithing_table":1,"minecraft:deepslate_redstone_ore":3,"minecraft:glass_pane":1,"minecraft:blackstone":1,"minecraft:soul_fire":10,"minecraft:crafting_table":10,"minecraft:cobblestone":4,"minecraft:tall_grass":3,"minecraft:lapis_ore":4,"minecraft:sugar_cane":2,"minecraft:diorite":24,"minecraft:wall_torch":2,"minecraft:birch_log":14,"minecraft:spruce_log":5,"minecraft:grass":6,"minecraft:coal_ore":29,"minecraft:oak_log":21,"minecraft:dirt":20,"minecraft:gravel":11,"minecraft:sand":13,"minecraft:netherrack":88,"minecraft:oak_leaves":5,"minecraft:deepslate":1002},"minecraft:killed_by":{"minecraft:player":1,"minecraft:skeleton":1},"minecraft:dropped":{"minecraft:wheat_seeds":1,"minecraft:smithing_table":1,"minecraft:crafting_table":1,"minecraft:diamond_leggings":1,"minecraft:iron_helmet":1,"minecraft:cobblestone":62,"minecraft:stick":2,"minecraft:dirt":1,"minecraft:diorite":17,"minecraft:map":4,"minecraft:diamond_helmet":1,"minecraft:cobbled_deepslate":16,"minecraft:tuff":27,"minecraft:birch_sapling":1,"minecraft:white_bed":2,"minecraft:filled_map":1,"minecraft:spruce_planks":11,"minecraft:diamond_boots":1,"minecraft:wooden_pickaxe":1}},"DataVersion":3465}