{"stats":{"minecraft:broken":{"minecraft:iron_pickaxe":1},"minecraft:used":{"minecraft:stone_pickaxe":5,"minecraft:oak_planks":75,"minecraft:chest":1,"minecraft:wooden_pickaxe":6,"minecraft:fletching_table":4,"minecraft:sugar_cane":20,"minecraft:torch":25,"minecraft:dirt":2,"minecraft:crafting_table":5,"minecraft:blast_furnace":4,"minecraft:white_bed":2,"minecraft:wooden_axe":7,"minecraft:diamond_pickaxe":97,"minecraft:bread":6,"minecraft:iron_pickaxe":396,"minecraft:lectern":9,"minecraft:gravel":13,"minecraft:stone_axe":98,"minecraft:furnace":4,"minecraft:yellow_bed":4,"minecraft:cobbled_deepslate":32,"minecraft:acacia_planks":12},"minecraft:crafted":{"minecraft:smooth_stone":3,"minecraft:oak_planks":88,"minecraft:crafting_table":1,"minecraft:wooden_pickaxe":1,"minecraft:iron_helmet":1,"minecraft:furnace":4,"minecraft:blast_furnace":1,"minecraft:fletching_table":1,"minecraft:stone":15,"minecraft:stone_axe":1,"minecraft:air":0,"minecraft:iron_boots":1,"minecraft:diamond_pickaxe":1,"minecraft:iron_axe":2,"minecraft:stick":28,"minecraft:iron_ingot":30,"minecraft:iron_pickaxe":2,"minecraft:stone_pickaxe":1,"minecraft:wooden_axe":1,"minecraft:acacia_planks":24,"minecraft:torch":40},"minecraft:custom":{"minecraft:interact_with_furnace":27,"minecraft:mob_kills":2,"minecraft:interact_with_crafting_table":29,"minecraft:bell_ring":38,"minecraft:leave_game":1,"minecraft:time_since_death":47345,"minecraft:sleep_in_bed":4,"minecraft:time_since_rest":7016,"minecraft:sprint_one_cm":117121,"minecraft:damage_taken":110,"minecraft:walk_one_cm":98026,"minecraft:drop":7,"minecraft:damage_dealt":2026,"minecraft:swim_one_cm":9467,"minecraft:talked_to_villager":25,"minecraft:fly_one_cm":179183,"minecraft:open_chest":12,"minecraft:crouch_one_cm":6360,"minecraft:play_time":47345,"minecraft:sneak_time":4290,"minecraft:walk_under_water_one_cm":824,"minecraft:jump":1028,"minecraft:interact_with_blast_furnace":1,"minecraft:walk_on_water_one_cm":1955,"minecraft:total_world_time":47345,"minecraft:fall_one_cm":23982},"minecraft:picked_up":{"minecraft:crafting_table":4,"minecraft:andesite":31,"minecraft:potato":5,"minecraft:flint":2,"minecraft:oak_log":22,"minecraft:yellow_bed":4,"minecraft:lapis_lazuli":23,"minecraft:dirt":14,"minecraft:raw_copper":11,"minecraft:acacia_planks":6,"minecraft:apple":2,"minecraft:stonecutter":1,"minecraft:wheat_seeds":3,"minecraft:cobbled_deepslate":70,"minecraft:iron_ingot":21,"minecraft:fletching_table":3,"minecraft:iron_pickaxe":1,"minecraft:poppy":6,"minecraft:lectern":9,"minecraft:sugar_cane":20,"minecraft:chest":1,"minecraft:oak_planks":12,"minecraft:furnace":2,"minecraft:raw_iron":48,"minecraft:composter":3,"minecraft:dandelion":4,"minecraft:torch":2,"minecraft:acacia_log":6,"minecraft:gravel":13,"minecraft:blast_furnace":3,"minecraft:diorite":56,"minecraft:white_bed":2,"minecraft:diamond":9,"minecraft:granite":27,"minecraft:bread":9,"minecraft:oak_sapling":2,"minecraft:coal":44,"minecraft:cobblestone":202,"minecraft:oxeye_daisy":3},"minecraft:killed":{"minecraft:iron_golem":2},"minecraft:mined":{"minecraft:white_bed":2,"minecraft:deepslate_diamond_ore":9,"minecraft:dandelion":5,"minecraft:crafting_table":4,"minecraft:granite":27,"minecraft:blast_furnace":3,"minecraft:acacia_log":6,"minecraft:grass_block":1,"minecraft:poppy":1,"minecraft:chest":1,"minecraft:lectern":9,"minecraft:tall_grass":4,"minecraft:copper_ore":3,"minecraft:cobblestone":2,"minecraft:composter":3,"minecraft:lapis_ore":4,"minecraft:sugar_cane":8,"minecraft:oak_planks":12,"minecraft:diorite":28,"minecraft:oxeye_daisy":1,"minecraft:wall_torch":1,"minecraft:furnace":2,"minecraft:iron_ore":47,"minecraft:cobbled_deepslate":3,"minecraft:andesite":32,"minecraft:fletching_table":3,"minecraft:yellow_bed":4,"minecraft:grass":59,"minecraft:oak_log":22,"minecraft:coal_ore":26,"minecraft:deepslate_iron_ore":1,"minecraft:gravel":15,"minecraft:dirt":13,"minecraft:acacia_planks":6,"minecraft:stonecutter":1,"minecraft:stone":201,"minecraft:deepslate":67},"minecraft:dropped":{"minecraft:iron_ingot":15,"minecraft:oxeye_daisy":2,"minecraft:poppy":3,"minecraft:diorite":28,"minecraft:iron_pickaxe":1,"minecraft:dandelion":2}},"DataVersion":3465}