{"stats":{"minecraft:custom":{"minecraft:time_since_rest":1560,"minecraft:sprint_one_cm":33605,"minecraft:damage_taken":210,"minecraft:walk_one_cm":14762,"minecraft:mob_kills":1,"minecraft:drop":5,"minecraft:damage_dealt":161,"minecraft:interact_with_crafting_table":2,"minecraft:swim_one_cm":5788,"minecraft:fly_one_cm":102320,"minecraft:play_time":10665,"minecraft:deaths":1,"minecraft:sneak_time":27,"minecraft:walk_under_water_one_cm":1168,"minecraft:jump":392,"minecraft:leave_game":2,"minecraft:time_since_death":2916,"minecraft:walk_on_water_one_cm":494,"minecraft:sleep_in_bed":1,"minecraft:total_world_time":10665,"minecraft:fall_one_cm":13597},"minecraft:crafted":{"minecraft:oak_planks":16,"minecraft:crafting_table":1,"minecraft:stick":8,"minecraft:wooden_pickaxe":1,"minecraft:stone_pickaxe":1,"minecraft:stone_axe":1},"minecraft:killed":{"minecraft:spider":1},"minecraft:mined":{"minecraft:crafting_table":1,"minecraft:grass":24,"minecraft:oak_log":4,"minecraft:sunflower":7,"minecraft:tall_grass":8,"minecraft:cobblestone":6,"minecraft:oak_leaves":2,"minecraft:wall_torch":1},"minecraft:killed_by":{"minecraft:spider":1},"minecraft:dropped":{"minecraft:wheat_seeds":2,"minecraft:sunflower":3},"minecraft:used":{"minecraft:wooden_pickaxe":7,"minecraft:stone_axe":3,"minecraft:crafting_table":1},"minecraft:picked_up":{"minecraft:crafting_table":1,"minecraft:oak_door":1,"minecraft:torch":1,"minecraft:oak_log":4,"minecraft:wheat_seeds":3,"minecraft:cobblestone":6,"minecraft:sunflower":3}},"DataVersion":3465}