{"stats":{"minecraft:custom":{"minecraft:mob_kills":31,"minecraft:traded_with_villager":7,"minecraft:interact_with_crafting_table":28,"minecraft:bell_ring":21,"minecraft:leave_game":4,"minecraft:time_since_death":72996,"minecraft:sleep_in_bed":5,"minecraft:time_since_rest":32814,"minecraft:sprint_one_cm":207360,"minecraft:damage_blocked_by_shield":150,"minecraft:damage_taken":467,"minecraft:walk_one_cm":144782,"minecraft:drop":16,"minecraft:damage_dealt":6093,"minecraft:swim_one_cm":7287,"minecraft:talked_to_villager":7,"minecraft:fly_one_cm":440699,"minecraft:open_chest":20,"minecraft:crouch_one_cm":9170,"minecraft:play_time":80745,"minecraft:deaths":1,"minecraft:sneak_time":7161,"minecraft:walk_under_water_one_cm":1246,"minecraft:boat_one_cm":44630,"minecraft:jump":1906,"minecraft:interact_with_blast_furnace":4,"minecraft:walk_on_water_one_cm":1145,"minecraft:total_world_time":80745,"minecraft:fall_one_cm":52456},"minecraft:broken":{"minecraft:stone_pickaxe":1,"minecraft:stone_axe":1,"minecraft:iron_pickaxe":1,"minecraft:golden_shovel":1},"minecraft:crafted":{"minecraft:oak_planks":316,"minecraft:oak_slab":138,"minecraft:diamond_sword":1,"minecraft:emerald":7,"minecraft:diamond_axe":1,"minecraft:crafting_table":3,"minecraft:wooden_pickaxe":1,"minecraft:fletching_table":1,"minecraft:stone_axe":2,"minecraft:bread":128,"minecraft:air":0,"minecraft:oak_boat":1,"minecraft:diamond_helmet":1,"minecraft:iron_chestplate":1,"minecraft:diamond_pickaxe":1,"minecraft:shield":1,"minecraft:stick":252,"minecraft:iron_ingot":6,"minecraft:iron_pickaxe":2,"minecraft:stone_pickaxe":1,"minecraft:diamond_boots":1,"minecraft:torch":36,"minecraft:stone_hoe":1,"minecraft:wheat":396},"minecraft:killed":{"minecraft:spider":1,"minecraft:iron_golem":3,"minecraft:wandering_trader":1,"minecraft:sheep":2,"minecraft:trader_llama":2,"minecraft:pillager":2,"minecraft:cow":20},"minecraft:mined":{"minecraft:oak_slab":16,"minecraft:tuff":3,"minecraft:white_bed":5,"minecraft:deepslate_diamond_ore":43,"minecraft:oak_door":1,"minecraft:smoker":1,"minecraft:dandelion":2,"minecraft:oak_fence":1,"minecraft:crafting_table":3,"minecraft:torch":2,"minecraft:granite":10,"minecraft:blast_furnace":2,"minecraft:grass_block":13,"minecraft:chest":3,"minecraft:lectern":2,"minecraft:tall_grass":53,"minecraft:cobblestone":14,"minecraft:composter":2,"minecraft:sugar_cane":1,"minecraft:oak_planks":5,"minecraft:diorite":14,"minecraft:wall_torch":16,"minecraft:hay_block":47,"minecraft:cobbled_deepslate":3,"minecraft:iron_ore":6,"minecraft:fire":3,"minecraft:andesite":5,"minecraft:yellow_bed":7,"minecraft:grass":175,"minecraft:coal_ore":21,"minecraft:oak_log":106,"minecraft:dirt_path":3,"minecraft:sunflower":7,"minecraft:gravel":21,"minecraft:dirt":6,"minecraft:stone":169,"minecraft:deepslate":305,"minecraft:oak_leaves":17},"minecraft:killed_by":{"minecraft:spider":1},"minecraft:dropped":{"minecraft:wheat_seeds":17,"minecraft:cobbled_deepslate":7,"minecraft:composter":2,"minecraft:cobblestone":3,"minecraft:oak_planks":5,"minecraft:diorite":6,"minecraft:sunflower":3,"minecraft:iron_pickaxe":1,"minecraft:dandelion":3},"minecraft:used":{"minecraft:diorite":14,"minecraft:flint_and_steel":1,"minecraft:poppy":1,"minecraft:stone_pickaxe":138,"minecraft:oak_planks":10,"minecraft:shield":5,"minecraft:chest":2,"minecraft:wooden_pickaxe":19,"minecraft:diamond_axe":78,"minecraft:fletching_table":1,"minecraft:stone_hoe":54,"minecraft:torch":30,"minecraft:dirt":4,"minecraft:oak_slab":162,"minecraft:crafting_table":6,"minecraft:blast_furnace":2,"minecraft:white_bed":5,"minecraft:golden_shovel":18,"minecraft:diamond_pickaxe":148,"minecraft:bread":13,"minecraft:iron_pickaxe":329,"minecraft:lectern":1,"minecraft:stone_axe":232,"minecraft:diamond_sword":13,"minecraft:cobblestone":61,"minecraft:hay_block":3,"minecraft:oak_sapling":2,"minecraft:yellow_bed":6,"minecraft:oak_boat":2,"minecraft:cobbled_deepslate":34},"minecraft:picked_up":{"minecraft:crafting_table":3,"minecraft:leather":21,"minecraft:lead":2,"minecraft:smoker":1,"minecraft:golden_shovel":1,"minecraft:flint":2,"minecraft:oak_log":105,"minecraft:yellow_bed":7,"minecraft:dirt":20,"minecraft:flint_and_steel":1,"minecraft:apple":1,"minecraft:cobbled_deepslate":247,"minecraft:gold_nugget":15,"minecraft:wheat_seeds":18,"minecraft:iron_pickaxe":1,"minecraft:iron_ingot":10,"minecraft:light_weighted_pressure_plate":1,"minecraft:beef":37,"minecraft:oak_boat":3,"minecraft:poppy":2,"minecraft:lectern":2,"minecraft:sugar_cane":3,"minecraft:chest":3,"minecraft:oak_planks":5,"minecraft:book":1,"minecraft:oak_slab":24,"minecraft:stick":4,"minecraft:raw_iron":6,"minecraft:oak_door":2,"minecraft:composter":4,"minecraft:oak_fence":1,"minecraft:torch":17,"minecraft:dandelion":3,"minecraft:gravel":19,"minecraft:blast_furnace":2,"minecraft:diorite":20,"minecraft:white_bed":5,"minecraft:diamond":43,"minecraft:hay_block":47,"minecraft:emerald":3,"minecraft:bread":7,"minecraft:oak_sapling":6,"minecraft:coal":21,"minecraft:mutton":4,"minecraft:obsidian":1,"minecraft:white_wool":2,"minecraft:cobblestone":149,"minecraft:sunflower":3}},"DataVersion":3465}