{"stats":{"minecraft:dropped":{"minecraft:wheat_seeds":24,"minecraft:oak_fence":1,"minecraft:cobblestone":3,"minecraft:diorite":6,"minecraft:sunflower":3,"minecraft:iron_pickaxe":1,"minecraft:dandelion":3,"minecraft:kelp":2,"minecraft:cobbled_deepslate":7,"minecraft:composter":2,"minecraft:oak_planks":5,"minecraft:azure_bluet":1},"minecraft:mined":{"minecraft:tuff":3,"minecraft:white_bed":6,"minecraft:deepslate_diamond_ore":43,"minecraft:oak_door":1,"minecraft:granite":10,"minecraft:grass_block":13,"minecraft:composter":2,"minecraft:kelp":3,"minecraft:hay_block":54,"minecraft:iron_ore":6,"minecraft:cobbled_deepslate":3,"minecraft:fire":3,"minecraft:andesite":5,"minecraft:azure_bluet":1,"minecraft:peony":1,"minecraft:dirt_path":3,"minecraft:stone":169,"minecraft:oak_slab":16,"minecraft:smoker":1,"minecraft:dandelion":2,"minecraft:oak_fence":1,"minecraft:crafting_table":5,"minecraft:torch":2,"minecraft:blast_furnace":2,"minecraft:chest":3,"minecraft:lectern":2,"minecraft:tall_grass":87,"minecraft:cobblestone":14,"minecraft:sugar_cane":17,"minecraft:oak_planks":5,"minecraft:diorite":14,"minecraft:wall_torch":16,"minecraft:seagrass":2,"minecraft:birch_leaves":1,"minecraft:yellow_bed":8,"minecraft:grass":281,"minecraft:oak_log":106,"minecraft:coal_ore":21,"minecraft:sunflower":8,"minecraft:gravel":21,"minecraft:dirt":6,"minecraft:oak_leaves":28,"minecraft:deepslate":305},"minecraft:crafted":{"minecraft:oak_planks":316,"minecraft:diamond_helmet":1,"minecraft:iron_hoe":1,"minecraft:stone_pickaxe":1,"minecraft:diamond_boots":1,"minecraft:stone_hoe":1,"minecraft:wheat":396,"minecraft:oak_slab":138,"minecraft:diamond_sword":1,"minecraft:emerald":7,"minecraft:diamond_axe":1,"minecraft:crafting_table":4,"minecraft:wooden_pickaxe":1,"minecraft:fletching_table":1,"minecraft:stone_axe":2,"minecraft:bread":128,"minecraft:air":0,"minecraft:oak_boat":2,"minecraft:iron_chestplate":1,"minecraft:diamond_pickaxe":1,"minecraft:shield":1,"minecraft:stick":252,"minecraft:iron_ingot":6,"minecraft:iron_pickaxe":2,"minecraft:torch":36},"minecraft:killed":{"minecraft:spider":2,"minecraft:skeleton":3,"minecraft:iron_golem":3,"minecraft:wandering_trader":1,"minecraft:creeper":1,"minecraft:sheep":5,"minecraft:trader_llama":2,"minecraft:pillager":9,"minecraft:cow":22},"minecraft:picked_up":{"minecraft:crafting_table":5,"minecraft:azure_bluet":1,"minecraft:lead":2,"minecraft:golden_shovel":1,"minecraft:flint_and_steel":1,"minecraft:cobbled_deepslate":247,"minecraft:gold_nugget":15,"minecraft:light_weighted_pressure_plate":1,"minecraft:beef":38,"minecraft:oak_boat":4,"minecraft:poppy":2,"minecraft:iron_pickaxe":1,"minecraft:lectern":2,"minecraft:sugar_cane":36,"minecraft:chest":3,"minecraft:egg":1,"minecraft:raw_iron":6,"minecraft:stick":4,"minecraft:oak_door":2,"minecraft:composter":4,"minecraft:oak_fence":1,"minecraft:torch":17,"minecraft:diorite":20,"minecraft:arrow":2,"minecraft:hay_block":53,"minecraft:mutton":9,"minecraft:obsidian":1,"minecraft:cobblestone":149,"minecraft:white_wool":5,"minecraft:leather":23,"minecraft:smoker":1,"minecraft:flint":2,"minecraft:oak_log":105,"minecraft:yellow_bed":8,"minecraft:gunpowder":1,"minecraft:dirt":20,"minecraft:bone":4,"minecraft:apple":1,"minecraft:kelp":2,"minecraft:wheat_seeds":25,"minecraft:iron_ingot":10,"minecraft:oak_planks":5,"minecraft:book":1,"minecraft:oak_slab":24,"minecraft:dandelion":3,"minecraft:gravel":19,"minecraft:blast_furnace":2,"minecraft:white_bed":6,"minecraft:diamond":43,"minecraft:emerald":3,"minecraft:bread":7,"minecraft:oak_sapling":7,"minecraft:coal":21,"minecraft:sunflower":4},"minecraft:killed_by":{"minecraft:spider":1},"minecraft:custom":{"minecraft:mob_kills":48,"minecraft:interact_with_crafting_table":30,"minecraft:bell_ring":21,"minecraft:leave_game":10,"minecraft:time_since_death":105120,"minecraft:sprint_one_cm":411933,"minecraft:walk_one_cm":175118,"minecraft:damage_blocked_by_shield":810,"minecraft:drop":21,"minecraft:talked_to_villager":7,"minecraft:play_time":112869,"minecraft:deaths":1,"minecraft:sneak_time":7390,"minecraft:walk_under_water_one_cm":2683,"minecraft:boat_one_cm":96875,"minecraft:jump":3615,"minecraft:interact_with_blast_furnace":4,"minecraft:walk_on_water_one_cm":6693,"minecraft:total_world_time":112869,"minecraft:traded_with_villager":7,"minecraft:sleep_in_bed":6,"minecraft:time_since_rest":20598,"minecraft:damage_taken":1338,"minecraft:damage_dealt":9021,"minecraft:swim_one_cm":25513,"minecraft:fly_one_cm":902873,"minecraft:open_chest":23,"minecraft:crouch_one_cm":9690,"minecraft:fall_one_cm":111921},"minecraft:broken":{"minecraft:golden_shovel":1,"minecraft:stone_pickaxe":1,"minecraft:stone_axe":1,"minecraft:iron_pickaxe":1},"minecraft:used":{"minecraft:flint_and_steel":1,"minecraft:poppy":1,"minecraft:chest":2,"minecraft:shield":23,"minecraft:stone_hoe":54,"minecraft:torch":30,"minecraft:dirt":4,"minecraft:golden_shovel":18,"minecraft:iron_hoe":9,"minecraft:hay_block":3,"minecraft:oak_sapling":2,"minecraft:cobbled_deepslate":34,"minecraft:wheat_seeds":1,"minecraft:diorite":14,"minecraft:stone_pickaxe":138,"minecraft:oak_planks":11,"minecraft:wooden_pickaxe":19,"minecraft:fletching_table":1,"minecraft:diamond_axe":85,"minecraft:oak_slab":162,"minecraft:crafting_table":8,"minecraft:blast_furnace":2,"minecraft:white_bed":5,"minecraft:diamond_pickaxe":155,"minecraft:sunflower":1,"minecraft:bread":41,"minecraft:iron_pickaxe":329,"minecraft:lectern":1,"minecraft:stone_axe":232,"minecraft:diamond_sword":192,"minecraft:cobblestone":61,"minecraft:yellow_bed":7,"minecraft:oak_boat":4}},"DataVersion":3465}