{"stats":{"minecraft:broken":{"minecraft:stone_hoe":1},"minecraft:mined":{"minecraft:cut_sandstone":1,"minecraft:stone_pressure_plate":1,"minecraft:white_bed":6,"minecraft:red_bed":4,"minecraft:dark_oak_leaves":49,"minecraft:smoker":1,"minecraft:orange_terracotta":1,"minecraft:brewing_stand":1,"minecraft:crafting_table":3,"minecraft:acacia_log":9,"minecraft:grass_block":1,"minecraft:chest":3,"minecraft:dead_bush":3,"minecraft:tall_grass":19,"minecraft:oak_planks":3,"minecraft:sugar_cane":19,"minecraft:sandstone":20,"minecraft:cauldron":3,"minecraft:hay_block":83,"minecraft:wheat":2,"minecraft:chiseled_sandstone":1,"minecraft:yellow_bed":3,"minecraft:grass":50,"minecraft:oak_log":6,"minecraft:sand":1,"minecraft:stone":8,"minecraft:oak_leaves":10},"minecraft:custom":{"minecraft:mob_kills":3,"minecraft:interact_with_crafting_table":7,"minecraft:play_one_minute":33809,"minecraft:leave_game":1,"minecraft:time_since_death":32900,"minecraft:sleep_in_bed":3,"minecraft:time_since_rest":8850,"minecraft:sprint_one_cm":129017,"minecraft:damage_taken":561,"minecraft:walk_one_cm":36902,"minecraft:drop":17,"minecraft:damage_dealt":1164,"minecraft:swim_one_cm":3427,"minecraft:fly_one_cm":323775,"minecraft:open_chest":19,"minecraft:crouch_one_cm":2039,"minecraft:deaths":1,"minecraft:sneak_time":2569,"minecraft:walk_under_water_one_cm":847,"minecraft:boat_one_cm":21759,"minecraft:jump":1204,"minecraft:walk_on_water_one_cm":4391,"minecraft:fall_one_cm":40865},"minecraft:killed":{"minecraft:iron_golem":1,"minecraft:sheep":2},"minecraft:killed_by":{"minecraft:player":1},"minecraft:picked_up":{"minecraft:crafting_table":2,"minecraft:feather":3,"minecraft:leather":2,"minecraft:cut_sandstone":1,"minecraft:smoker":1,"minecraft:potato":23,"minecraft:oak_log":6,"minecraft:brewing_stand":1,"minecraft:yellow_bed":3,"minecraft:dirt":1,"minecraft:red_bed":4,"minecraft:orange_terracotta":1,"minecraft:apple":12,"minecraft:wheat_seeds":12,"minecraft:iron_ingot":3,"minecraft:oak_boat":2,"minecraft:poppy":4,"minecraft:chest":4,"minecraft:sugar_cane":38,"minecraft:acacia_sapling":9,"minecraft:oak_planks":3,"minecraft:dark_oak_sapling":6,"minecraft:stick":2,"minecraft:sandstone":20,"minecraft:dandelion":1,"minecraft:acacia_log":9,"minecraft:sand":1,"minecraft:white_bed":6,"minecraft:cauldron":3,"minecraft:leather_helmet":1,"minecraft:chiseled_sandstone":1,"minecraft:stone_pressure_plate":1,"minecraft:rotten_flesh":2,"minecraft:stone_axe":3,"minecraft:hay_block":83,"minecraft:bread":8,"minecraft:emerald":3,"minecraft:mutton":4,"minecraft:cobblestone":8,"minecraft:white_wool":2},"minecraft:used":{"minecraft:oak_planks":3,"minecraft:chest":1,"minecraft:wooden_pickaxe":9,"minecraft:sandstone":8,"minecraft:stone_hoe":136,"minecraft:rotten_flesh":3,"minecraft:dirt":1,"minecraft:sand":4,"minecraft:crafting_table":3,"minecraft:red_bed":2,"minecraft:white_bed":1,"minecraft:bread":11,"minecraft:iron_pickaxe":47,"minecraft:stone_axe":54,"minecraft:golden_sword":9,"minecraft:oak_boat":2},"minecraft:crafted":{"minecraft:oak_planks":24,"minecraft:crafting_table":1,"minecraft:wooden_pickaxe":1,"minecraft:stone_axe":2,"minecraft:bread":57,"minecraft:oak_boat":1,"minecraft:stick":12,"minecraft:iron_pickaxe":1,"minecraft:stone_hoe":1,"minecraft:wheat":171},"minecraft:dropped":{"minecraft:stone_axe":3,"minecraft:wheat_seeds":1,"minecraft:feather":2,"minecraft:rotten_flesh":2,"minecraft:apple":6,"minecraft:emerald":2,"minecraft:potato":8,"minecraft:acacia_sapling":6,"minecraft:chest":1,"minecraft:sand":1}},"DataVersion":2586}