{"stats":{"minecraft:mined":{"minecraft:grass":24,"minecraft:grass_block":1,"minecraft:oak_log":6,"minecraft:dead_bush":1,"minecraft:sand":1,"minecraft:tall_grass":9,"minecraft:oak_leaves":1},"minecraft:custom":{"minecraft:time_since_rest":8920,"minecraft:open_chest":4,"minecraft:crouch_one_cm":1335,"minecraft:play_one_minute":9809,"minecraft:sprint_one_cm":26669,"minecraft:damage_taken":390,"minecraft:deaths":1,"minecraft:walk_one_cm":4746,"minecraft:sneak_time":2161,"minecraft:walk_under_water_one_cm":668,"minecraft:drop":3,"minecraft:jump":348,"minecraft:damage_dealt":6,"minecraft:leave_game":1,"minecraft:walk_on_water_one_cm":1576,"minecraft:time_since_death":8900,"minecraft:swim_one_cm":2435,"minecraft:fall_one_cm":13661,"minecraft:fly_one_cm":99913},"minecraft:killed_by":{"minecraft:player":1},"minecraft:picked_up":{"minecraft:rotten_flesh":2,"minecraft:wheat_seeds":5,"minecraft:sand":1,"minecraft:oak_log":6,"minecraft:dirt":1},"minecraft:used":{"minecraft:rotten_flesh":3,"minecraft:dirt":1,"minecraft:sand":4},"minecraft:dropped":{"minecraft:rotten_flesh":2,"minecraft:sand":1,"minecraft:wheat_seeds":1}},"DataVersion":2586}