{"stats":{"minecraft:custom":{"minecraft:mob_kills":39,"minecraft:interact_with_crafting_table":56,"minecraft:leave_game":3,"minecraft:time_since_death":39620,"minecraft:sprint_one_cm":336351,"minecraft:walk_one_cm":346322,"minecraft:damage_blocked_by_shield":2660,"minecraft:drop":45,"minecraft:play_time":187300,"minecraft:deaths":6,"minecraft:sneak_time":19606,"minecraft:walk_under_water_one_cm":4480,"minecraft:boat_one_cm":210710,"minecraft:jump":3987,"minecraft:walk_on_water_one_cm":15081,"minecraft:total_world_time":187300,"minecraft:interact_with_furnace":29,"minecraft:interact_with_cartography_table":3,"minecraft:sleep_in_bed":4,"minecraft:time_since_rest":245,"minecraft:damage_taken":2193,"minecraft:damage_dealt":5699,"minecraft:swim_one_cm":20875,"minecraft:fly_one_cm":691971,"minecraft:player_kills":1,"minecraft:open_chest":38,"minecraft:crouch_one_cm":64033,"minecraft:fall_one_cm":75829},"minecraft:killed":{"minecraft:skeleton":4,"minecraft:magma_cube":15,"minecraft:piglin":2,"minecraft:zombie":3,"minecraft:stray":1,"minecraft:blaze":14},"minecraft:picked_up":{"minecraft:crafting_table":12,"minecraft:nether_wart":4,"minecraft:smithing_table":2,"minecraft:diamond_sword":2,"minecraft:wooden_pickaxe":1,"minecraft:shield":2,"minecraft:flint_and_steel":4,"minecraft:blackstone":3,"minecraft:diamond_leggings":3,"minecraft:gold_nugget":122,"minecraft:cobbled_deepslate":909,"minecraft:spruce_planks":12,"minecraft:oak_boat":1,"minecraft:iron_pickaxe":2,"minecraft:sugar_cane":12,"minecraft:birch_sapling":1,"minecraft:furnace":3,"minecraft:stick":2,"minecraft:raw_iron":35,"minecraft:torch":26,"minecraft:diorite":24,"minecraft:carrot":1,"minecraft:redstone":14,"minecraft:tnt":4,"minecraft:rotten_flesh":6,"minecraft:arrow":12,"minecraft:diamond_chestplate":2,"minecraft:diamond_boots":3,"minecraft:gold_ingot":4,"minecraft:blaze_rod":18,"minecraft:obsidian":19,"minecraft:snowball":69,"minecraft:cobblestone":174,"minecraft:birch_log":18,"minecraft:basalt":9,"minecraft:magma_cream":1,"minecraft:water_bucket":3,"minecraft:andesite":8,"minecraft:leather":14,"minecraft:filled_map":1,"minecraft:ancient_debris":16,"minecraft:flint":4,"minecraft:tuff":152,"minecraft:oak_log":21,"minecraft:lapis_lazuli":285,"minecraft:map":4,"minecraft:dirt":25,"minecraft:cooked_mutton":13,"minecraft:coast_armor_trim_smithing_template":2,"minecraft:bone":2,"minecraft:bow":1,"minecraft:wheat_seeds":2,"minecraft:iron_ingot":20,"minecraft:diamond_helmet":3,"minecraft:bamboo":3,"minecraft:soul_sand":46,"minecraft:quartz":14,"minecraft:gravel":31,"minecraft:sand":13,"minecraft:white_bed":13,"minecraft:spruce_log":11,"minecraft:diamond":153,"minecraft:stone_axe":2,"minecraft:iron_helmet":1,"minecraft:diamond_axe":2,"minecraft:granite":19,"minecraft:netherrack":538,"minecraft:coal":53,"minecraft:diamond_pickaxe":2},"minecraft:used":{"minecraft:flint_and_steel":8,"minecraft:chest":3,"minecraft:spruce_planks":11,"minecraft:shield":71,"minecraft:cooked_salmon":6,"minecraft:rotten_flesh":20,"minecraft:netherrack":288,"minecraft:torch":34,"minecraft:tuff":62,"minecraft:snowball":9,"minecraft:spruce_boat":1,"minecraft:lava_bucket":28,"minecraft:iron_axe":22,"minecraft:basalt":2,"minecraft:furnace":5,"minecraft:potato":5,"minecraft:cobbled_deepslate":592,"minecraft:cooked_mutton":7,"minecraft:water_bucket":14,"minecraft:stone_pickaxe":121,"minecraft:birch_boat":1,"minecraft:wooden_pickaxe":12,"minecraft:diamond_axe":1,"minecraft:sand":7,"minecraft:tnt":4,"minecraft:crafting_table":18,"minecraft:white_bed":9,"minecraft:diamond_pickaxe":2068,"minecraft:iron_pickaxe":216,"minecraft:suspicious_stew":1,"minecraft:map":1,"minecraft:gravel":2,"minecraft:stone_axe":24,"minecraft:diamond_sword":139,"minecraft:bucket":44,"minecraft:oak_boat":2},"minecraft:crafted":{"minecraft:oak_planks":84,"minecraft:birch_boat":1,"minecraft:furnace":3,"minecraft:flint_and_steel":2,"minecraft:diamond_helmet":2,"minecraft:diamond_leggings":2,"minecraft:iron_axe":1,"minecraft:stone_pickaxe":1,"minecraft:chest":3,"minecraft:diamond_boots":2,"minecraft:spruce_boat":1,"minecraft:netherite_scrap":16,"minecraft:diamond_sword":2,"minecraft:diamond_axe":1,"minecraft:crafting_table":7,"minecraft:spruce_planks":44,"minecraft:wooden_pickaxe":2,"minecraft:iron_helmet":1,"minecraft:bucket":2,"minecraft:birch_planks":12,"minecraft:stone_axe":1,"minecraft:air":0,"minecraft:oak_boat":1,"minecraft:book":1,"minecraft:paper":3,"minecraft:diamond_pickaxe":2,"minecraft:shield":2,"minecraft:stick":48,"minecraft:iron_pickaxe":2,"minecraft:iron_ingot":29,"minecraft:gold_ingot":13,"minecraft:netherite_ingot":4,"minecraft:torch":48,"minecraft:diamond_chestplate":2},"minecraft:mined":{"minecraft:nether_gold_ore":30,"minecraft:diamond_ore":5,"minecraft:tuff":127,"minecraft:white_bed":11,"minecraft:deepslate_diamond_ore":110,"minecraft:obsidian":20,"minecraft:granite":19,"minecraft:grass_block":5,"minecraft:spruce_leaves":2,"minecraft:nether_wart":6,"minecraft:large_fern":1,"minecraft:furnace":2,"minecraft:iron_ore":28,"minecraft:cobbled_deepslate":23,"minecraft:fire":32,"minecraft:andesite":8,"minecraft:deepslate_lapis_ore":14,"minecraft:deepslate_iron_ore":7,"minecraft:stone":172,"minecraft:smithing_table":1,"minecraft:deepslate_redstone_ore":3,"minecraft:glass_pane":1,"minecraft:soul_sand":40,"minecraft:blackstone":1,"minecraft:soul_fire":10,"minecraft:basalt":16,"minecraft:crafting_table":11,"minecraft:nether_quartz_ore":95,"minecraft:tall_grass":4,"minecraft:cobblestone":4,"minecraft:lapis_ore":4,"minecraft:sugar_cane":4,"minecraft:diorite":24,"minecraft:wall_torch":2,"minecraft:birch_log":14,"minecraft:spruce_log":11,"minecraft:grass":20,"minecraft:oak_log":21,"minecraft:coal_ore":29,"minecraft:gravel":14,"minecraft:sand":16,"minecraft:dirt":20,"minecraft:ancient_debris":16,"minecraft:netherrack":575,"minecraft:oak_leaves":5,"minecraft:deepslate":1002},"minecraft:killed_by":{"minecraft:player":1,"minecraft:skeleton":1},"minecraft:dropped":{"minecraft:wheat_seeds":1,"minecraft:diamond":5,"minecraft:smithing_table":1,"minecraft:crafting_table":1,"minecraft:diamond_leggings":1,"minecraft:iron_helmet":1,"minecraft:cobblestone":62,"minecraft:stick":2,"minecraft:dirt":1,"minecraft:diorite":17,"minecraft:map":4,"minecraft:diamond_helmet":1,"minecraft:gold_nugget":1,"minecraft:sand":4,"minecraft:blackstone":1,"minecraft:cobbled_deepslate":16,"minecraft:tuff":27,"minecraft:birch_sapling":1,"minecraft:rotten_flesh":3,"minecraft:white_bed":2,"minecraft:filled_map":1,"minecraft:spruce_planks":12,"minecraft:diamond_boots":1,"minecraft:basalt":7,"minecraft:arrow":6,"minecraft:wooden_pickaxe":1,"minecraft:quartz":14,"minecraft:netherrack":243}},"DataVersion":3465}