{"stats":{"minecraft:crafted":{"minecraft:oak_planks":400,"minecraft:diamond_hoe":1,"minecraft:birch_boat":1,"minecraft:birch_slab":168,"minecraft:furnace":2,"minecraft:bone_meal":15,"minecraft:flint_and_steel":1,"minecraft:diamond_helmet":1,"minecraft:diamond_leggings":1,"minecraft:spruce_slab":54,"minecraft:stone_pickaxe":1,"minecraft:chest":3,"minecraft:diamond_boots":1,"minecraft:dark_oak_planks":16,"minecraft:wheat":603,"minecraft:diamond_sword":1,"minecraft:emerald":20,"minecraft:diamond_axe":2,"minecraft:crafting_table":9,"minecraft:enchanting_table":1,"minecraft:spruce_planks":108,"minecraft:wooden_pickaxe":1,"minecraft:fletching_table":1,"minecraft:bucket":1,"minecraft:hay_block":35,"minecraft:birch_planks":112,"minecraft:acacia_boat":1,"minecraft:bread":79,"minecraft:air":0,"minecraft:diamond_pickaxe":1,"minecraft:shield":1,"minecraft:stick":884,"minecraft:iron_ingot":8,"minecraft:iron_pickaxe":1,"minecraft:white_bed":1,"minecraft:acacia_planks":24,"minecraft:diamond_chestplate":1},"minecraft:killed_by":{"minecraft:player":1},"minecraft:used":{"minecraft:enchanting_table":1,"minecraft:flint_and_steel":1,"minecraft:spruce_slab":46,"minecraft:diamond_hoe":136,"minecraft:spruce_planks":1,"minecraft:chest":5,"minecraft:shield":10,"minecraft:white_terracotta":1,"minecraft:bell":1,"minecraft:rotten_flesh":1,"minecraft:dirt":18,"minecraft:mutton":13,"minecraft:carrot":1,"minecraft:dark_oak_planks":1,"minecraft:lava_bucket":10,"minecraft:beef":1,"minecraft:furnace":2,"minecraft:wheat_seeds":1,"minecraft:acacia_boat":2,"minecraft:water_bucket":8,"minecraft:diorite":16,"minecraft:iron_ore":1,"minecraft:birch_planks":2,"minecraft:stone_pickaxe":131,"minecraft:birch_boat":2,"minecraft:wooden_pickaxe":9,"minecraft:fletching_table":1,"minecraft:diamond_axe":273,"minecraft:sugar_cane":25,"minecraft:crafting_table":10,"minecraft:white_bed":13,"minecraft:diamond_pickaxe":476,"minecraft:birch_slab":118,"minecraft:bread":32,"minecraft:iron_pickaxe":246,"minecraft:gravel":24,"minecraft:spruce_sapling":21,"minecraft:nether_wart_block":1,"minecraft:diamond_sword":129,"minecraft:cobblestone":112,"minecraft:porkchop":1,"minecraft:bucket":18,"minecraft:andesite":2,"minecraft:yellow_bed":10,"minecraft:bone_meal":13},"minecraft:picked_up":{"minecraft:crafting_table":1,"minecraft:wheat":2,"minecraft:oak_stairs":1,"minecraft:brewing_stand":1,"minecraft:string":3,"minecraft:beef":12,"minecraft:poppy":5,"minecraft:sugar_cane":28,"minecraft:chest":3,"minecraft:stick":17,"minecraft:oak_door":1,"minecraft:composter":3,"minecraft:torch":1,"minecraft:acacia_log":6,"minecraft:porkchop":21,"minecraft:diorite":27,"minecraft:carrot":3,"minecraft:redstone":10,"minecraft:dark_oak_planks":3,"minecraft:arrow":2,"minecraft:rotten_flesh":8,"minecraft:hay_block":62,"minecraft:white_terracotta":1,"minecraft:obsidian":4,"minecraft:mutton":16,"minecraft:cobblestone":547,"minecraft:white_wool":8,"minecraft:stripped_oak_log":10,"minecraft:birch_log":28,"minecraft:birch_slab":3,"minecraft:andesite":21,"minecraft:leather":14,"minecraft:potato":8,"minecraft:flint":3,"minecraft:ancient_debris":2,"minecraft:nether_wart_block":1,"minecraft:oak_log":90,"minecraft:yellow_bed":12,"minecraft:acacia_boat":3,"minecraft:lapis_lazuli":70,"minecraft:dirt":43,"minecraft:bone":5,"minecraft:acacia_planks":7,"minecraft:apple":4,"minecraft:stonecutter":3,"minecraft:wheat_seeds":15,"minecraft:bell":1,"minecraft:iron_ingot":13,"minecraft:iron_ore":33,"minecraft:oak_planks":5,"minecraft:birch_boat":1,"minecraft:sweet_berries":16,"minecraft:quartz":7,"minecraft:dandelion":6,"minecraft:gravel":29,"minecraft:spruce_sapling":21,"minecraft:blast_furnace":1,"minecraft:white_bed":12,"minecraft:spruce_log":27,"minecraft:gold_ore":3,"minecraft:dark_oak_log":4,"minecraft:diamond":57,"minecraft:granite":29,"minecraft:bread":13,"minecraft:oak_sapling":9,"minecraft:netherrack":159,"minecraft:coal":17},"minecraft:broken":{"minecraft:stone_pickaxe":1},"minecraft:mined":{"minecraft:dark_oak_planks":1,"minecraft:diamond_ore":47,"minecraft:white_bed":12,"minecraft:oak_door":1,"minecraft:dark_oak_log":5,"minecraft:brewing_stand":1,"minecraft:obsidian":4,"minecraft:granite":42,"minecraft:acacia_log":6,"minecraft:grass_block":10,"minecraft:birch_slab":3,"minecraft:spruce_leaves":87,"minecraft:composter":4,"minecraft:large_fern":2,"minecraft:hay_block":62,"minecraft:redstone_ore":2,"minecraft:spruce_sapling":5,"minecraft:carrots":1,"minecraft:iron_ore":21,"minecraft:fire":2,"minecraft:andesite":21,"minecraft:bell":1,"minecraft:oak_stairs":2,"minecraft:stripped_oak_log":10,"minecraft:stone":462,"minecraft:dandelion":8,"minecraft:crafting_table":1,"minecraft:blast_furnace":1,"minecraft:poppy":1,"minecraft:chest":3,"minecraft:nether_quartz_ore":7,"minecraft:cobblestone":1,"minecraft:tall_grass":24,"minecraft:lapis_ore":10,"minecraft:oak_planks":1,"minecraft:sugar_cane":12,"minecraft:diorite":17,"minecraft:white_terracotta":1,"minecraft:nether_wart_block":1,"minecraft:birch_log":28,"minecraft:wheat":1,"minecraft:sweet_berry_bush":8,"minecraft:spruce_log":27,"minecraft:birch_leaves":3,"minecraft:yellow_bed":12,"minecraft:grass_path":1,"minecraft:grass":104,"minecraft:coal_ore":13,"minecraft:oak_log":91,"minecraft:gravel":37,"minecraft:dirt":28,"minecraft:stonecutter":2,"minecraft:ancient_debris":2,"minecraft:netherrack":159,"minecraft:gold_ore":3,"minecraft:oak_leaves":34},"minecraft:killed":{"minecraft:spider":2,"minecraft:skeleton":5,"minecraft:pig":11,"minecraft:iron_golem":3,"minecraft:sheep":10,"minecraft:zombie":8,"minecraft:cow":10},"minecraft:custom":{"minecraft:mob_kills":49,"minecraft:animals_bred":4,"minecraft:interact_with_crafting_table":37,"minecraft:bell_ring":135,"minecraft:leave_game":2,"minecraft:time_since_death":113177,"minecraft:sprint_one_cm":467690,"minecraft:walk_one_cm":245686,"minecraft:damage_blocked_by_shield":455,"minecraft:drop":20,"minecraft:talked_to_villager":10,"minecraft:deaths":3,"minecraft:sneak_time":5348,"minecraft:walk_under_water_one_cm":5403,"minecraft:boat_one_cm":128031,"minecraft:interact_with_brewingstand":1,"minecraft:jump":4022,"minecraft:walk_on_water_one_cm":14737,"minecraft:enchant_item":8,"minecraft:interact_with_furnace":6,"minecraft:traded_with_villager":20,"minecraft:play_one_minute":141330,"minecraft:sleep_in_bed":13,"minecraft:time_since_rest":7094,"minecraft:damage_taken":1540,"minecraft:damage_dealt":8384,"minecraft:swim_one_cm":26467,"minecraft:fly_one_cm":899504,"minecraft:open_chest":29,"minecraft:crouch_one_cm":9765,"minecraft:fall_one_cm":106335},"minecraft:dropped":{"minecraft:acacia_boat":1,"minecraft:wheat_seeds":8,"minecraft:diamond":7,"minecraft:cobblestone":13,"minecraft:stick":1,"minecraft:diorite":1,"minecraft:stonecutter":1,"minecraft:dark_oak_planks":1,"minecraft:dandelion":6,"minecraft:rotten_flesh":7,"minecraft:poppy":1,"minecraft:oak_sapling":2}},"DataVersion":2586}