{"stats":{"minecraft:mined":{"minecraft:dark_oak_planks":1,"minecraft:nether_gold_ore":18,"minecraft:diamond_ore":63,"minecraft:spruce_planks":1,"minecraft:white_bed":12,"minecraft:oak_door":1,"minecraft:dark_oak_log":5,"minecraft:brewing_stand":1,"minecraft:obsidian":4,"minecraft:granite":42,"minecraft:acacia_log":6,"minecraft:grass_block":11,"minecraft:birch_slab":3,"minecraft:spruce_leaves":116,"minecraft:composter":4,"minecraft:large_fern":2,"minecraft:hay_block":62,"minecraft:magma_block":8,"minecraft:redstone_ore":2,"minecraft:spruce_sapling":6,"minecraft:furnace":3,"minecraft:carrots":1,"minecraft:iron_ore":52,"minecraft:fire":2,"minecraft:andesite":45,"minecraft:fletching_table":1,"minecraft:anvil":1,"minecraft:bell":1,"minecraft:oak_stairs":3,"minecraft:stripped_oak_log":10,"minecraft:stone":595,"minecraft:dandelion":9,"minecraft:oak_fence":9,"minecraft:crafting_table":6,"minecraft:blast_furnace":1,"minecraft:poppy":1,"minecraft:chest":3,"minecraft:lectern":4,"minecraft:nether_quartz_ore":14,"minecraft:tall_grass":27,"minecraft:cobblestone":17,"minecraft:lapis_ore":10,"minecraft:sugar_cane":22,"minecraft:oak_planks":1,"minecraft:diorite":43,"minecraft:white_terracotta":1,"minecraft:nether_wart_block":1,"minecraft:birch_log":28,"minecraft:wheat":1,"minecraft:sweet_berry_bush":8,"minecraft:white_carpet":1,"minecraft:spruce_log":98,"minecraft:birch_leaves":3,"minecraft:yellow_bed":12,"minecraft:grass_path":1,"minecraft:grass":129,"minecraft:oak_log":102,"minecraft:coal_ore":32,"minecraft:gravel":39,"minecraft:dirt":28,"minecraft:stonecutter":2,"minecraft:netherrack":760,"minecraft:ancient_debris":20,"minecraft:gold_ore":3,"minecraft:oak_leaves":34},"minecraft:killed":{"minecraft:spider":2,"minecraft:skeleton":5,"minecraft:pig":11,"minecraft:iron_golem":6,"minecraft:wandering_trader":1,"minecraft:sheep":10,"minecraft:trader_llama":2,"minecraft:zombie":10,"minecraft:cow":11},"minecraft:broken":{"minecraft:stone_pickaxe":1},"minecraft:crafted":{"minecraft:oak_planks":444,"minecraft:diamond_hoe":1,"minecraft:birch_boat":1,"minecraft:birch_slab":168,"minecraft:furnace":6,"minecraft:bone_meal":15,"minecraft:bookshelf":1,"minecraft:white_carpet":6,"minecraft:flint_and_steel":1,"minecraft:diamond_helmet":1,"minecraft:diamond_leggings":1,"minecraft:spruce_slab":54,"minecraft:stone_pickaxe":1,"minecraft:chest":3,"minecraft:diamond_boots":1,"minecraft:netherite_scrap":17,"minecraft:dark_oak_planks":16,"minecraft:oak_fence":24,"minecraft:wheat":603,"minecraft:oak_slab":6,"minecraft:diamond_sword":1,"minecraft:emerald":43,"minecraft:diamond_axe":2,"minecraft:crafting_table":9,"minecraft:enchanting_table":1,"minecraft:spruce_planks":392,"minecraft:wooden_pickaxe":1,"minecraft:smithing_table":1,"minecraft:fletching_table":1,"minecraft:birch_planks":112,"minecraft:bucket":1,"minecraft:hay_block":35,"minecraft:bread":79,"minecraft:acacia_boat":1,"minecraft:air":0,"minecraft:lectern":1,"minecraft:book":3,"minecraft:diamond_pickaxe":2,"minecraft:shield":1,"minecraft:stick":1460,"minecraft:iron_ingot":43,"minecraft:iron_pickaxe":1,"minecraft:iron_block":5,"minecraft:gold_ingot":6,"minecraft:anvil":1,"minecraft:white_bed":1,"minecraft:netherite_ingot":1,"minecraft:acacia_planks":24,"minecraft:diamond_chestplate":1},"minecraft:custom":{"minecraft:interact_with_smithing_table":7,"minecraft:interact_with_anvil":4,"minecraft:mob_kills":58,"minecraft:animals_bred":16,"minecraft:interact_with_crafting_table":70,"minecraft:bell_ring":135,"minecraft:leave_game":5,"minecraft:time_since_death":171517,"minecraft:sprint_one_cm":615436,"minecraft:walk_one_cm":416884,"minecraft:damage_blocked_by_shield":455,"minecraft:drop":20,"minecraft:talked_to_villager":16,"minecraft:deaths":3,"minecraft:sneak_time":7613,"minecraft:walk_under_water_one_cm":5529,"minecraft:boat_one_cm":128031,"minecraft:interact_with_brewingstand":1,"minecraft:jump":5214,"minecraft:walk_on_water_one_cm":17068,"minecraft:enchant_item":9,"minecraft:interact_with_furnace":67,"minecraft:traded_with_villager":43,"minecraft:play_one_minute":199670,"minecraft:sleep_in_bed":15,"minecraft:time_since_rest":5905,"minecraft:damage_taken":1823,"minecraft:damage_dealt":13076,"minecraft:swim_one_cm":27724,"minecraft:fly_one_cm":1067660,"minecraft:open_chest":56,"minecraft:crouch_one_cm":12931,"minecraft:fall_one_cm":125347},"minecraft:used":{"minecraft:oak_fence":17,"minecraft:enchanting_table":1,"minecraft:flint_and_steel":1,"minecraft:spruce_slab":46,"minecraft:diamond_hoe":136,"minecraft:chest":6,"minecraft:spruce_planks":1,"minecraft:white_terracotta":1,"minecraft:shield":10,"minecraft:bell":1,"minecraft:rotten_flesh":1,"minecraft:netherrack":1,"minecraft:dirt":19,"minecraft:anvil":2,"minecraft:mutton":13,"minecraft:white_carpet":6,"minecraft:carrot":1,"minecraft:dark_oak_planks":1,"minecraft:lava_bucket":10,"minecraft:beef":1,"minecraft:furnace":6,"minecraft:wheat_seeds":1,"minecraft:acacia_boat":2,"minecraft:water_bucket":8,"minecraft:diorite":16,"minecraft:iron_ore":1,"minecraft:birch_planks":2,"minecraft:stone_pickaxe":131,"minecraft:wooden_pickaxe":9,"minecraft:birch_boat":2,"minecraft:diamond_axe":419,"minecraft:fletching_table":2,"minecraft:sugar_cane":35,"minecraft:crafting_table":15,"minecraft:white_bed":13,"minecraft:diamond_pickaxe":1403,"minecraft:birch_slab":118,"minecraft:bread":46,"minecraft:iron_pickaxe":246,"minecraft:lectern":5,"minecraft:spruce_sapling":40,"minecraft:gravel":24,"minecraft:nether_wart_block":1,"minecraft:diamond_sword":176,"minecraft:cobblestone":133,"minecraft:porkchop":1,"minecraft:smithing_table":1,"minecraft:andesite":2,"minecraft:bucket":18,"minecraft:yellow_bed":10,"minecraft:bone_meal":13},"minecraft:dropped":{"minecraft:acacia_boat":1,"minecraft:wheat_seeds":8,"minecraft:diamond":7,"minecraft:cobblestone":13,"minecraft:stick":1,"minecraft:diorite":1,"minecraft:stonecutter":1,"minecraft:dark_oak_planks":1,"minecraft:dandelion":6,"minecraft:rotten_flesh":7,"minecraft:poppy":1,"minecraft:oak_sapling":2},"minecraft:killed_by":{"minecraft:player":1},"minecraft:picked_up":{"minecraft:crafting_table":6,"minecraft:wheat":2,"minecraft:anvil":1,"minecraft:lead":6,"minecraft:oak_stairs":1,"minecraft:brewing_stand":1,"minecraft:string":3,"minecraft:gold_nugget":59,"minecraft:spruce_planks":1,"minecraft:beef":13,"minecraft:poppy":10,"minecraft:lectern":4,"minecraft:sugar_cane":38,"minecraft:chest":3,"minecraft:furnace":3,"minecraft:stick":26,"minecraft:oak_door":1,"minecraft:oak_fence":9,"minecraft:composter":3,"minecraft:torch":1,"minecraft:acacia_log":6,"minecraft:porkchop":21,"minecraft:diorite":53,"minecraft:carrot":3,"minecraft:redstone":10,"minecraft:dark_oak_planks":3,"minecraft:arrow":2,"minecraft:rotten_flesh":19,"minecraft:hay_block":62,"minecraft:white_terracotta":1,"minecraft:obsidian":4,"minecraft:mutton":16,"minecraft:cobblestone":691,"minecraft:white_wool":8,"minecraft:stripped_oak_log":10,"minecraft:birch_log":28,"minecraft:magma_block":8,"minecraft:birch_slab":3,"minecraft:andesite":45,"minecraft:leather":18,"minecraft:potato":8,"minecraft:flint":3,"minecraft:oak_log":101,"minecraft:ancient_debris":20,"minecraft:yellow_bed":12,"minecraft:nether_wart_block":1,"minecraft:acacia_boat":3,"minecraft:lapis_lazuli":70,"minecraft:dirt":44,"minecraft:bone":5,"minecraft:acacia_planks":7,"minecraft:apple":4,"minecraft:stonecutter":3,"minecraft:wheat_seeds":18,"minecraft:bell":1,"minecraft:iron_ingot":25,"minecraft:iron_ore":64,"minecraft:fletching_table":1,"minecraft:oak_planks":5,"minecraft:birch_boat":1,"minecraft:sweet_berries":16,"minecraft:quartz":14,"minecraft:dandelion":7,"minecraft:gravel":30,"minecraft:spruce_sapling":42,"minecraft:blast_furnace":1,"minecraft:white_bed":12,"minecraft:spruce_log":98,"minecraft:gold_ore":3,"minecraft:dark_oak_log":4,"minecraft:diamond":73,"minecraft:granite":29,"minecraft:bread":13,"minecraft:oak_sapling":9,"minecraft:netherrack":753,"minecraft:coal":50}},"DataVersion":2586}