{"stats":{"minecraft:dropped":{"minecraft:wheat_seeds":24,"minecraft:oak_fence":1,"minecraft:cobblestone":7,"minecraft:diorite":6,"minecraft:sunflower":3,"minecraft:iron_pickaxe":1,"minecraft:lily_pad":2,"minecraft:dandelion":3,"minecraft:bone":4,"minecraft:kelp":2,"minecraft:sugar_cane":1,"minecraft:cobbled_deepslate":8,"minecraft:composter":2,"minecraft:oak_planks":5,"minecraft:azure_bluet":1,"minecraft:poppy":2,"minecraft:gunpowder":1,"minecraft:beetroot_seeds":3,"minecraft:oak_boat":1,"minecraft:beef":1},"minecraft:mined":{"minecraft:tuff":11,"minecraft:white_bed":6,"minecraft:dark_oak_leaves":142,"minecraft:deepslate_diamond_ore":78,"minecraft:oak_door":1,"minecraft:dark_oak_log":81,"minecraft:jungle_leaves":3,"minecraft:obsidian":5,"minecraft:granite":10,"minecraft:grass_block":14,"minecraft:spruce_leaves":32,"minecraft:composter":2,"minecraft:kelp":3,"minecraft:hay_block":55,"minecraft:carrots":26,"minecraft:iron_ore":45,"minecraft:cobbled_deepslate":5,"minecraft:fire":3,"minecraft:andesite":9,"minecraft:azure_bluet":1,"minecraft:peony":1,"minecraft:bookshelf":1,"minecraft:potatoes":16,"minecraft:vine":1,"minecraft:dirt_path":5,"minecraft:bamboo":1,"minecraft:stone":247,"minecraft:deepslate_redstone_ore":1,"minecraft:oak_slab":18,"minecraft:smoker":1,"minecraft:dandelion":2,"minecraft:oak_fence":1,"minecraft:crafting_table":5,"minecraft:torch":2,"minecraft:blast_furnace":2,"minecraft:chest":3,"minecraft:lectern":121,"minecraft:nether_quartz_ore":14,"minecraft:copper_ore":1,"minecraft:tall_grass":90,"minecraft:cobblestone":17,"minecraft:sugar_cane":102,"minecraft:oak_planks":12,"minecraft:diorite":14,"minecraft:wall_torch":16,"minecraft:seagrass":2,"minecraft:wheat":33,"minecraft:birch_leaves":1,"minecraft:yellow_bed":9,"minecraft:grass":372,"minecraft:oak_log":174,"minecraft:coal_ore":21,"minecraft:beetroots":2,"minecraft:dark_oak_sapling":6,"minecraft:sunflower":8,"minecraft:gravel":22,"minecraft:dirt":7,"minecraft:netherrack":1,"minecraft:oak_leaves":102,"minecraft:deepslate":531,"minecraft:fern":3},"minecraft:crafted":{"minecraft:oak_planks":688,"minecraft:bookshelf":10,"minecraft:flint_and_steel":1,"minecraft:diamond_helmet":1,"minecraft:iron_hoe":1,"minecraft:stone_pickaxe":1,"minecraft:diamond_boots":1,"minecraft:dark_oak_planks":332,"minecraft:stone_hoe":1,"minecraft:wheat":459,"minecraft:oak_slab":168,"minecraft:diamond_sword":1,"minecraft:emerald":44,"minecraft:diamond_axe":1,"minecraft:crafting_table":4,"minecraft:enchanting_table":1,"minecraft:wooden_pickaxe":1,"minecraft:fletching_table":1,"minecraft:bucket":1,"minecraft:stone_axe":2,"minecraft:enchanted_book":2,"minecraft:bread":142,"minecraft:air":0,"minecraft:oak_boat":2,"minecraft:lectern":1,"minecraft:book":29,"minecraft:iron_chestplate":1,"minecraft:paper":87,"minecraft:diamond_pickaxe":1,"minecraft:shield":1,"minecraft:stick":1504,"minecraft:iron_ingot":28,"minecraft:iron_pickaxe":2,"minecraft:iron_block":3,"minecraft:anvil":1,"minecraft:torch":36,"minecraft:shears":1},"minecraft:killed":{"minecraft:spider":2,"minecraft:skeleton":3,"minecraft:iron_golem":6,"minecraft:wandering_trader":1,"minecraft:creeper":1,"minecraft:sheep":5,"minecraft:trader_llama":2,"minecraft:pillager":9,"minecraft:cow":28},"minecraft:picked_up":{"minecraft:crafting_table":5,"minecraft:wheat":32,"minecraft:azure_bluet":1,"minecraft:lead":10,"minecraft:golden_shovel":1,"minecraft:raw_copper":4,"minecraft:flint_and_steel":1,"minecraft:beetroot":2,"minecraft:cobbled_deepslate":440,"minecraft:gold_nugget":15,"minecraft:light_weighted_pressure_plate":1,"minecraft:beef":49,"minecraft:oak_boat":8,"minecraft:iron_pickaxe":1,"minecraft:poppy":7,"minecraft:lectern":121,"minecraft:sugar_cane":147,"minecraft:chest":3,"minecraft:egg":2,"minecraft:dark_oak_sapling":23,"minecraft:stick":16,"minecraft:raw_iron":45,"minecraft:oak_door":2,"minecraft:composter":4,"minecraft:oak_fence":1,"minecraft:torch":17,"minecraft:diorite":20,"minecraft:carrot":85,"minecraft:arrow":2,"minecraft:beetroot_seeds":6,"minecraft:hay_block":54,"minecraft:obsidian":6,"minecraft:mutton":9,"minecraft:cobblestone":233,"minecraft:white_wool":5,"minecraft:andesite":4,"minecraft:leather":30,"minecraft:smoker":1,"minecraft:potato":59,"minecraft:flint":3,"minecraft:oak_log":172,"minecraft:lily_pad":2,"minecraft:yellow_bed":8,"minecraft:gunpowder":1,"minecraft:dirt":24,"minecraft:bone":4,"minecraft:apple":1,"minecraft:kelp":2,"minecraft:wheat_seeds":93,"minecraft:iron_ingot":23,"minecraft:bamboo":7,"minecraft:oak_planks":12,"minecraft:book":4,"minecraft:oak_slab":26,"minecraft:quartz":27,"minecraft:dandelion":3,"minecraft:gravel":19,"minecraft:blast_furnace":2,"minecraft:white_bed":6,"minecraft:dark_oak_log":81,"minecraft:diamond":111,"minecraft:emerald":3,"minecraft:bread":7,"minecraft:oak_sapling":14,"minecraft:netherrack":1,"minecraft:coal":21,"minecraft:sunflower":4},"minecraft:killed_by":{"minecraft:spider":1},"minecraft:custom":{"minecraft:interact_with_anvil":1,"minecraft:mob_kills":57,"minecraft:animals_bred":4,"minecraft:interact_with_crafting_table":78,"minecraft:bell_ring":21,"minecraft:leave_game":11,"minecraft:time_since_death":229703,"minecraft:climb_one_cm":3834,"minecraft:sprint_one_cm":737410,"minecraft:walk_one_cm":446078,"minecraft:damage_blocked_by_shield":810,"minecraft:drop":31,"minecraft:talked_to_villager":186,"minecraft:play_time":237452,"minecraft:deaths":1,"minecraft:sneak_time":10981,"minecraft:walk_under_water_one_cm":3831,"minecraft:boat_one_cm":124595,"minecraft:jump":6408,"minecraft:interact_with_blast_furnace":26,"minecraft:walk_on_water_one_cm":18099,"minecraft:total_world_time":237452,"minecraft:traded_with_villager":46,"minecraft:sleep_in_bed":16,"minecraft:time_since_rest":615,"minecraft:damage_taken":1638,"minecraft:damage_dealt":12611,"minecraft:swim_one_cm":27039,"minecraft:fly_one_cm":1449859,"minecraft:open_chest":58,"minecraft:crouch_one_cm":16353,"minecraft:fall_one_cm":187847},"minecraft:broken":{"minecraft:golden_shovel":1,"minecraft:stone_pickaxe":1,"minecraft:stone_axe":1,"minecraft:iron_pickaxe":1},"minecraft:used":{"minecraft:enchanting_table":1,"minecraft:flint_and_steel":2,"minecraft:poppy":1,"minecraft:chest":3,"minecraft:shield":23,"minecraft:stone_hoe":54,"minecraft:torch":30,"minecraft:dirt":8,"minecraft:anvil":1,"minecraft:carrot":35,"minecraft:golden_shovel":18,"minecraft:iron_hoe":238,"minecraft:lava_bucket":11,"minecraft:bookshelf":9,"minecraft:hay_block":3,"minecraft:oak_sapling":7,"minecraft:potato":4,"minecraft:cobbled_deepslate":92,"minecraft:dark_oak_sapling":23,"minecraft:wheat_seeds":27,"minecraft:water_bucket":9,"minecraft:diorite":14,"minecraft:stone_pickaxe":138,"minecraft:oak_planks":19,"minecraft:wooden_pickaxe":19,"minecraft:diamond_axe":424,"minecraft:fletching_table":1,"minecraft:sugar_cane":58,"minecraft:oak_slab":176,"minecraft:crafting_table":9,"minecraft:blast_furnace":2,"minecraft:white_bed":5,"minecraft:shears":10,"minecraft:diamond_pickaxe":583,"minecraft:sunflower":1,"minecraft:bread":63,"minecraft:iron_pickaxe":329,"minecraft:lectern":122,"minecraft:stone_axe":232,"minecraft:diamond_sword":338,"minecraft:cobblestone":76,"minecraft:bucket":21,"minecraft:andesite":4,"minecraft:yellow_bed":8,"minecraft:oak_boat":6}},"DataVersion":3465}