{"stats":{"minecraft:custom":{"minecraft:mob_kills":25,"minecraft:interact_with_crafting_table":7,"minecraft:leave_game":3,"minecraft:time_since_death":22932,"minecraft:sleep_in_bed":2,"minecraft:time_since_rest":8593,"minecraft:sprint_one_cm":119725,"minecraft:damage_taken":305,"minecraft:walk_one_cm":70050,"minecraft:drop":8,"minecraft:damage_dealt":3953,"minecraft:swim_one_cm":7287,"minecraft:talked_to_villager":1,"minecraft:fly_one_cm":294219,"minecraft:crouch_one_cm":1131,"minecraft:play_time":30681,"minecraft:deaths":1,"minecraft:sneak_time":1216,"minecraft:walk_under_water_one_cm":1246,"minecraft:jump":1079,"minecraft:walk_on_water_one_cm":986,"minecraft:total_world_time":30681,"minecraft:fall_one_cm":36160},"minecraft:broken":{"minecraft:stone_axe":1,"minecraft:golden_shovel":1},"minecraft:crafted":{"minecraft:oak_planks":84,"minecraft:oak_slab":138,"minecraft:crafting_table":2,"minecraft:wooden_pickaxe":1,"minecraft:stone_axe":1,"minecraft:stick":8,"minecraft:stone_pickaxe":1,"minecraft:stone_hoe":1},"minecraft:killed":{"minecraft:spider":1,"minecraft:iron_golem":2,"minecraft:sheep":2,"minecraft:cow":20},"minecraft:mined":{"minecraft:oak_slab":16,"minecraft:white_bed":3,"minecraft:smoker":1,"minecraft:dandelion":2,"minecraft:crafting_table":1,"minecraft:torch":2,"minecraft:blast_furnace":1,"minecraft:grass_block":10,"minecraft:chest":3,"minecraft:tall_grass":38,"minecraft:cobblestone":8,"minecraft:sugar_cane":1,"minecraft:oak_planks":4,"minecraft:wall_torch":1,"minecraft:hay_block":47,"minecraft:fire":3,"minecraft:yellow_bed":6,"minecraft:grass":114,"minecraft:oak_log":21,"minecraft:dirt_path":3,"minecraft:sunflower":7,"minecraft:oak_leaves":8},"minecraft:killed_by":{"minecraft:spider":1},"minecraft:dropped":{"minecraft:wheat_seeds":10,"minecraft:sunflower":3,"minecraft:dandelion":2},"minecraft:used":{"minecraft:flint_and_steel":1,"minecraft:stone_pickaxe":12,"minecraft:oak_planks":4,"minecraft:wooden_pickaxe":7,"minecraft:stone_hoe":54,"minecraft:torch":2,"minecraft:oak_slab":162,"minecraft:crafting_table":3,"minecraft:blast_furnace":1,"minecraft:white_bed":2,"minecraft:golden_shovel":18,"minecraft:bread":5,"minecraft:stone_axe":157,"minecraft:hay_block":3,"minecraft:yellow_bed":5},"minecraft:picked_up":{"minecraft:crafting_table":1,"minecraft:leather":21,"minecraft:smoker":1,"minecraft:golden_shovel":1,"minecraft:oak_log":21,"minecraft:yellow_bed":6,"minecraft:dirt":11,"minecraft:flint_and_steel":1,"minecraft:apple":1,"minecraft:wheat_seeds":14,"minecraft:gold_nugget":15,"minecraft:beef":37,"minecraft:light_weighted_pressure_plate":1,"minecraft:iron_ingot":6,"minecraft:poppy":1,"minecraft:sugar_cane":3,"minecraft:chest":3,"minecraft:oak_planks":4,"minecraft:book":1,"minecraft:oak_slab":24,"minecraft:stick":1,"minecraft:oak_door":1,"minecraft:torch":2,"minecraft:dandelion":3,"minecraft:blast_furnace":1,"minecraft:white_bed":3,"minecraft:hay_block":47,"minecraft:emerald":3,"minecraft:bread":7,"minecraft:oak_sapling":4,"minecraft:mutton":4,"minecraft:obsidian":1,"minecraft:white_wool":2,"minecraft:cobblestone":8,"minecraft:sunflower":3}},"DataVersion":3465}