{"stats":{"minecraft:mined":{"minecraft:hay_block":83,"minecraft:white_bed":3,"minecraft:red_bed":3,"minecraft:wheat":2,"minecraft:yellow_bed":1,"minecraft:crafting_table":1,"minecraft:acacia_log":9,"minecraft:grass":38,"minecraft:grass_block":1,"minecraft:oak_log":6,"minecraft:dead_bush":1,"minecraft:sand":1,"minecraft:tall_grass":17,"minecraft:stone":8,"minecraft:sugar_cane":3,"minecraft:oak_planks":3,"minecraft:oak_leaves":1},"minecraft:custom":{"minecraft:time_since_rest":11047,"minecraft:sprint_one_cm":69321,"minecraft:damage_taken":450,"minecraft:walk_one_cm":23706,"minecraft:mob_kills":3,"minecraft:drop":3,"minecraft:damage_dealt":1164,"minecraft:interact_with_crafting_table":6,"minecraft:swim_one_cm":2608,"minecraft:fly_one_cm":186910,"minecraft:open_chest":7,"minecraft:play_one_minute":21809,"minecraft:crouch_one_cm":1642,"minecraft:deaths":1,"minecraft:sneak_time":2442,"minecraft:walk_under_water_one_cm":759,"minecraft:boat_one_cm":21759,"minecraft:jump":695,"minecraft:leave_game":1,"minecraft:time_since_death":20900,"minecraft:walk_on_water_one_cm":3413,"minecraft:sleep_in_bed":2,"minecraft:fall_one_cm":22213},"minecraft:killed":{"minecraft:sheep":2,"minecraft:iron_golem":1},"minecraft:killed_by":{"minecraft:player":1},"minecraft:picked_up":{"minecraft:crafting_table":1,"minecraft:acacia_log":9,"minecraft:sand":1,"minecraft:oak_log":6,"minecraft:yellow_bed":1,"minecraft:white_bed":3,"minecraft:dirt":1,"minecraft:red_bed":3,"minecraft:rotten_flesh":2,"minecraft:wheat_seeds":10,"minecraft:hay_block":83,"minecraft:iron_ingot":3,"minecraft:oak_boat":2,"minecraft:poppy":4,"minecraft:sugar_cane":5,"minecraft:mutton":4,"minecraft:oak_planks":3,"minecraft:white_wool":2,"minecraft:cobblestone":8},"minecraft:used":{"minecraft:bread":5,"minecraft:oak_planks":3,"minecraft:wooden_pickaxe":9,"minecraft:stone_hoe":88,"minecraft:rotten_flesh":3,"minecraft:stone_axe":37,"minecraft:sand":4,"minecraft:dirt":1,"minecraft:crafting_table":2,"minecraft:red_bed":1,"minecraft:oak_boat":2},"minecraft:dropped":{"minecraft:wheat_seeds":1,"minecraft:rotten_flesh":2,"minecraft:sand":1},"minecraft:crafted":{"minecraft:oak_boat":1,"minecraft:oak_planks":24,"minecraft:crafting_table":1,"minecraft:stick":12,"minecraft:wooden_pickaxe":1,"minecraft:stone_hoe":1,"minecraft:stone_axe":2,"minecraft:bread":57,"minecraft:wheat":171}},"DataVersion":2586}