{"stats":{"minecraft:mined":{"minecraft:acacia_leaves":3,"minecraft:white_bed":1,"minecraft:glass_pane":1,"minecraft:furnace":1,"minecraft:andesite":16,"minecraft:crafting_table":3,"minecraft:granite":3,"minecraft:grass":13,"minecraft:acacia_log":15,"minecraft:grass_block":1,"minecraft:oak_log":4,"minecraft:dirt":26,"minecraft:tall_grass":2,"minecraft:stone":43,"minecraft:sugar_cane":2,"minecraft:diorite":25,"minecraft:oak_leaves":4},"minecraft:custom":{"minecraft:time_since_rest":1276,"minecraft:interact_with_furnace":8,"minecraft:sprint_one_cm":57086,"minecraft:damage_taken":80,"minecraft:walk_one_cm":19042,"minecraft:mob_kills":17,"minecraft:damage_dealt":1440,"minecraft:interact_with_crafting_table":5,"minecraft:fly_one_cm":103670,"minecraft:open_chest":3,"minecraft:crouch_one_cm":6988,"minecraft:play_one_minute":18000,"minecraft:sneak_time":4282,"minecraft:jump":425,"minecraft:walk_on_water_one_cm":214,"minecraft:time_since_death":18000,"minecraft:sleep_in_bed":2,"minecraft:fall_one_cm":9818},"minecraft:killed":{"minecraft:sheep":5,"minecraft:pig":5,"minecraft:chicken":3,"minecraft:cow":4},"minecraft:picked_up":{"minecraft:stick":2,"minecraft:crafting_table":3,"minecraft:feather":6,"minecraft:chicken":3,"minecraft:andesite":16,"minecraft:leather":4,"minecraft:acacia_log":15,"minecraft:porkchop":19,"minecraft:oak_log":4,"minecraft:diorite":25,"minecraft:white_bed":1,"minecraft:dirt":27,"minecraft:wheat_seeds":1,"minecraft:granite":3,"minecraft:beef":10,"minecraft:gray_wool":1,"minecraft:light_gray_wool":2,"minecraft:acacia_sapling":1,"minecraft:sugar_cane":5,"minecraft:mutton":9,"minecraft:white_wool":2,"minecraft:cobblestone":43,"minecraft:furnace":1},"minecraft:used":{"minecraft:wooden_axe":38,"minecraft:stone_pickaxe":82,"minecraft:wooden_pickaxe":18,"minecraft:stone_axe":17,"minecraft:torch":4,"minecraft:dirt":11,"minecraft:mutton":1,"minecraft:crafting_table":4,"minecraft:cooked_porkchop":2,"minecraft:furnace":2,"minecraft:white_bed":1},"minecraft:crafted":{"minecraft:cooked_beef":4,"minecraft:charcoal":4,"minecraft:cooked_porkchop":3,"minecraft:crafting_table":1,"minecraft:stick":8,"minecraft:wooden_pickaxe":1,"minecraft:stone_pickaxe":1,"minecraft:wooden_axe":1,"minecraft:furnace":1,"minecraft:acacia_planks":20,"minecraft:torch":8,"minecraft:stone_axe":1,"minecraft:air":0}},"DataVersion":2586}