{"stats":{"minecraft:broken":{"minecraft:stone_pickaxe":3,"minecraft:golden_pickaxe":1},"minecraft:mined":{"minecraft:nether_gold_ore":32,"minecraft:acacia_leaves":4,"minecraft:white_bed":2,"minecraft:glass_pane":4,"minecraft:stone_brick_slab":2,"minecraft:crafting_table":5,"minecraft:torch":13,"minecraft:nether_bricks":34,"minecraft:granite":3,"minecraft:acacia_log":20,"minecraft:grass_block":3,"minecraft:chest":2,"minecraft:dead_bush":1,"minecraft:weeping_vines":1,"minecraft:tall_grass":5,"minecraft:oak_planks":2,"minecraft:sugar_cane":2,"minecraft:diorite":28,"minecraft:sandstone":7,"minecraft:wall_torch":9,"minecraft:hay_block":49,"minecraft:weeping_vines_plant":1,"minecraft:furnace":2,"minecraft:iron_ore":3,"minecraft:fire":7,"minecraft:acacia_wood":5,"minecraft:andesite":19,"minecraft:grass":26,"minecraft:coal_ore":27,"minecraft:oak_log":8,"minecraft:gravel":1,"minecraft:sand":32,"minecraft:dirt":37,"minecraft:stone":57,"minecraft:netherrack":368,"minecraft:oak_leaves":6},"minecraft:custom":{"minecraft:interact_with_furnace":9,"minecraft:mob_kills":27,"minecraft:interact_with_crafting_table":16,"minecraft:play_one_minute":110394,"minecraft:leave_game":6,"minecraft:time_since_death":110394,"minecraft:sleep_in_bed":12,"minecraft:climb_one_cm":20,"minecraft:time_since_rest":10204,"minecraft:sprint_one_cm":265714,"minecraft:damage_taken":734,"minecraft:walk_one_cm":115078,"minecraft:drop":4,"minecraft:damage_dealt":3335,"minecraft:swim_one_cm":604,"minecraft:fly_one_cm":563146,"minecraft:open_chest":32,"minecraft:crouch_one_cm":56366,"minecraft:sneak_time":25827,"minecraft:walk_under_water_one_cm":2316,"minecraft:jump":2446,"minecraft:walk_on_water_one_cm":6307,"minecraft:fall_one_cm":59969},"minecraft:killed":{"minecraft:pig":5,"minecraft:rabbit":2,"minecraft:iron_golem":1,"minecraft:sheep":5,"minecraft:chicken":3,"minecraft:villager":1,"minecraft:cow":10},"minecraft:picked_up":{"minecraft:crafting_table":5,"minecraft:feather":6,"minecraft:chicken":3,"minecraft:andesite":19,"minecraft:leather":10,"minecraft:acacia_wood":5,"minecraft:golden_shovel":1,"minecraft:oak_log":8,"minecraft:golden_boots":2,"minecraft:dirt":38,"minecraft:wheat_seeds":4,"minecraft:gold_nugget":124,"minecraft:rabbit_hide":2,"minecraft:iron_ingot":3,"minecraft:beef":24,"minecraft:iron_ore":3,"minecraft:oak_planks":2,"minecraft:rabbit":1,"minecraft:light_gray_wool":2,"minecraft:enchanted_golden_apple":1,"minecraft:sugar_cane":5,"minecraft:chest":2,"minecraft:acacia_sapling":1,"minecraft:furnace":2,"minecraft:stick":4,"minecraft:sandstone":5,"minecraft:stone_brick_slab":2,"minecraft:torch":26,"minecraft:acacia_log":20,"minecraft:gravel":1,"minecraft:porkchop":19,"minecraft:sand":53,"minecraft:diorite":26,"minecraft:white_bed":2,"minecraft:weeping_vines":2,"minecraft:nether_bricks":34,"minecraft:hay_block":49,"minecraft:granite":3,"minecraft:gray_wool":1,"minecraft:mutton":9,"minecraft:netherrack":355,"minecraft:obsidian":2,"minecraft:coal":27,"minecraft:white_wool":2,"minecraft:cobblestone":58},"minecraft:used":{"minecraft:water_bucket":13,"minecraft:diorite":26,"minecraft:stone_pickaxe":585,"minecraft:oak_planks":11,"minecraft:chest":3,"minecraft:wooden_pickaxe":18,"minecraft:sandstone":3,"minecraft:stone_hoe":61,"minecraft:netherrack":166,"minecraft:torch":104,"minecraft:dirt":38,"minecraft:sand":19,"minecraft:mutton":1,"minecraft:crafting_table":6,"minecraft:white_bed":1,"minecraft:stone_brick_slab":1,"minecraft:wooden_axe":38,"minecraft:lava_bucket":10,"minecraft:bread":16,"minecraft:map":1,"minecraft:stone_axe":72,"minecraft:cobblestone":9,"minecraft:cooked_porkchop":3,"minecraft:furnace":2,"minecraft:bucket":24,"minecraft:andesite":3,"minecraft:acacia_wood":4,"minecraft:cooked_beef":3,"minecraft:golden_pickaxe":32},"minecraft:dropped":{"minecraft:gravel":1,"minecraft:wheat_seeds":2,"minecraft:stone_brick_slab":1},"minecraft:crafted":{"minecraft:cooked_beef":10,"minecraft:oak_planks":22,"minecraft:cooked_porkchop":3,"minecraft:crafting_table":1,"minecraft:wooden_pickaxe":1,"minecraft:furnace":1,"minecraft:bucket":1,"minecraft:stone_axe":1,"minecraft:bread":147,"minecraft:air":0,"minecraft:charcoal":4,"minecraft:stick":64,"minecraft:stone_pickaxe":6,"minecraft:wooden_axe":1,"minecraft:chest":1,"minecraft:acacia_planks":44,"minecraft:torch":84,"minecraft:stone_hoe":1,"minecraft:wheat":441}},"DataVersion":2586}