{"stats":{"minecraft:mined":{"minecraft:acacia_leaves":3,"minecraft:white_bed":2,"minecraft:glass_pane":2,"minecraft:furnace":2,"minecraft:andesite":16,"minecraft:crafting_table":4,"minecraft:torch":1,"minecraft:granite":3,"minecraft:grass":20,"minecraft:acacia_log":15,"minecraft:grass_block":2,"minecraft:oak_log":4,"minecraft:dirt":26,"minecraft:tall_grass":2,"minecraft:stone":43,"minecraft:sugar_cane":2,"minecraft:wall_torch":1,"minecraft:diorite":26,"minecraft:oak_leaves":4},"minecraft:custom":{"minecraft:time_since_rest":4388,"minecraft:interact_with_furnace":9,"minecraft:walk_one_cm":26100,"minecraft:sprint_one_cm":73444,"minecraft:damage_taken":193,"minecraft:mob_kills":24,"minecraft:damage_dealt":3040,"minecraft:interact_with_crafting_table":6,"minecraft:fly_one_cm":149940,"minecraft:open_chest":5,"minecraft:play_one_minute":30169,"minecraft:crouch_one_cm":8143,"minecraft:sneak_time":4837,"minecraft:jump":624,"minecraft:leave_game":1,"minecraft:walk_on_water_one_cm":214,"minecraft:time_since_death":30169,"minecraft:sleep_in_bed":5,"minecraft:fall_one_cm":13873},"minecraft:killed":{"minecraft:sheep":5,"minecraft:pig":5,"minecraft:chicken":3,"minecraft:iron_golem":1,"minecraft:cow":10},"minecraft:picked_up":{"minecraft:stick":2,"minecraft:crafting_table":4,"minecraft:feather":6,"minecraft:chicken":3,"minecraft:andesite":16,"minecraft:leather":10,"minecraft:torch":2,"minecraft:acacia_log":15,"minecraft:porkchop":19,"minecraft:oak_log":4,"minecraft:diorite":26,"minecraft:white_bed":2,"minecraft:dirt":28,"minecraft:wheat_seeds":1,"minecraft:iron_ingot":3,"minecraft:granite":3,"minecraft:beef":24,"minecraft:gray_wool":1,"minecraft:light_gray_wool":2,"minecraft:sugar_cane":5,"minecraft:mutton":9,"minecraft:acacia_sapling":1,"minecraft:white_wool":2,"minecraft:cobblestone":43,"minecraft:furnace":2},"minecraft:used":{"minecraft:diorite":8,"minecraft:wooden_axe":38,"minecraft:stone_pickaxe":84,"minecraft:wooden_pickaxe":18,"minecraft:stone_axe":40,"minecraft:torch":5,"minecraft:dirt":15,"minecraft:mutton":1,"minecraft:crafting_table":5,"minecraft:cooked_porkchop":3,"minecraft:furnace":2,"minecraft:white_bed":1,"minecraft:cooked_beef":1},"minecraft:crafted":{"minecraft:cooked_beef":10,"minecraft:charcoal":4,"minecraft:cooked_porkchop":3,"minecraft:crafting_table":1,"minecraft:stick":8,"minecraft:wooden_pickaxe":1,"minecraft:stone_pickaxe":1,"minecraft:wooden_axe":1,"minecraft:furnace":1,"minecraft:bucket":1,"minecraft:acacia_planks":20,"minecraft:torch":8,"minecraft:stone_axe":1,"minecraft:air":0}},"DataVersion":2586}