{"stats":{"minecraft:mined":{"minecraft:grass":8,"minecraft:acacia_log":5,"minecraft:acacia_leaves":1,"minecraft:white_bed":1,"minecraft:glass_pane":1,"minecraft:tall_grass":2,"minecraft:stone":17,"minecraft:crafting_table":2},"minecraft:custom":{"minecraft:time_since_rest":3115,"minecraft:open_chest":3,"minecraft:play_one_minute":6000,"minecraft:crouch_one_cm":2602,"minecraft:sprint_one_cm":21408,"minecraft:damage_taken":50,"minecraft:walk_one_cm":8413,"minecraft:sneak_time":1179,"minecraft:mob_kills":4,"minecraft:jump":176,"minecraft:damage_dealt":400,"minecraft:time_since_death":6000,"minecraft:sleep_in_bed":1,"minecraft:interact_with_crafting_table":2,"minecraft:fall_one_cm":4074,"minecraft:fly_one_cm":49317},"minecraft:killed":{"minecraft:sheep":1,"minecraft:pig":3},"minecraft:picked_up":{"minecraft:crafting_table":2,"minecraft:acacia_log":5,"minecraft:porkchop":8,"minecraft:light_gray_wool":1,"minecraft:white_bed":1,"minecraft:mutton":1,"minecraft:cobblestone":17},"minecraft:used":{"minecraft:wooden_axe":9,"minecraft:crafting_table":2,"minecraft:wooden_pickaxe":17},"minecraft:crafted":{"minecraft:acacia_planks":20,"minecraft:crafting_table":1,"minecraft:stick":4,"minecraft:wooden_pickaxe":1,"minecraft:wooden_axe":1}},"DataVersion":2586}