{"stats":{"minecraft:picked_up":{"minecraft:raw_iron":16,"minecraft:crafting_table":4,"minecraft:feather":4,"minecraft:chicken":6,"minecraft:torch":2,"minecraft:porkchop":2,"minecraft:oak_log":12,"minecraft:lapis_lazuli":22,"minecraft:diorite":4,"minecraft:dirt":4,"minecraft:rotten_flesh":3,"minecraft:cobbled_deepslate":24,"minecraft:raw_gold":5,"minecraft:granite":26,"minecraft:coal":10,"minecraft:sunflower":3,"minecraft:furnace":3,"minecraft:cobblestone":77,"minecraft:egg":1},"minecraft:dropped":{"minecraft:chicken":1,"minecraft:feather":1,"minecraft:oak_planks":11},"minecraft:used":{"minecraft:diorite":3,"minecraft:wooden_axe":34,"minecraft:sunflower":1,"minecraft:stone_pickaxe":46,"minecraft:iron_pickaxe":98,"minecraft:wooden_pickaxe":31,"minecraft:cooked_chicken":2,"minecraft:rotten_flesh":3,"minecraft:torch":2,"minecraft:crafting_table":4,"minecraft:furnace":3,"minecraft:egg":1,"minecraft:granite":17},"minecraft:killed":{"minecraft:zombie":3,"minecraft:pig":2,"minecraft:chicken":4},"minecraft:broken":{"minecraft:wooden_axe":1},"minecraft:crafted":{"minecraft:oak_planks":32,"minecraft:cooked_porkchop":1,"minecraft:crafting_table":1,"minecraft:iron_pickaxe":1,"minecraft:iron_ingot":6,"minecraft:stick":12,"minecraft:stone_pickaxe":1,"minecraft:cooked_chicken":3,"minecraft:wooden_pickaxe":1,"minecraft:wooden_axe":1,"minecraft:furnace":1,"minecraft:torch":4,"minecraft:air":0},"minecraft:custom":{"minecraft:time_since_rest":19099,"minecraft:interact_with_furnace":12,"minecraft:sprint_one_cm":36352,"minecraft:damage_taken":134,"minecraft:walk_one_cm":15863,"minecraft:mob_kills":9,"minecraft:drop":3,"minecraft:damage_dealt":1391,"minecraft:interact_with_crafting_table":7,"minecraft:swim_one_cm":15927,"minecraft:fly_one_cm":55962,"minecraft:player_kills":2,"minecraft:crouch_one_cm":10290,"minecraft:play_time":19099,"minecraft:sneak_time":7293,"minecraft:walk_under_water_one_cm":3304,"minecraft:jump":293,"minecraft:leave_game":2,"minecraft:time_since_death":19099,"minecraft:walk_on_water_one_cm":6853,"minecraft:total_world_time":19099,"minecraft:fall_one_cm":5701},"minecraft:mined":{"minecraft:furnace":3,"minecraft:iron_ore":17,"minecraft:deepslate_lapis_ore":4,"minecraft:granite":26,"minecraft:crafting_table":4,"minecraft:grass":4,"minecraft:grass_block":1,"minecraft:coal_ore":5,"minecraft:oak_log":12,"minecraft:sunflower":2,"minecraft:dirt":3,"minecraft:deepslate_gold_ore":5,"minecraft:stone":78,"minecraft:wall_torch":2,"minecraft:diorite":4,"minecraft:oak_leaves":4,"minecraft:deepslate":24}},"DataVersion":3465}