{"stats":{"minecraft:picked_up":{"minecraft:oak_log":8},"minecraft:custom":{"minecraft:jump":33,"minecraft:time_since_rest":1750,"minecraft:crouch_one_cm":317,"minecraft:leave_game":2,"minecraft:play_time":1750,"minecraft:sprint_one_cm":3852,"minecraft:walk_on_water_one_cm":1189,"minecraft:time_since_death":1750,"minecraft:walk_one_cm":253,"minecraft:sneak_time":342,"minecraft:total_world_time":1750,"minecraft:walk_under_water_one_cm":214,"minecraft:swim_one_cm":5257,"minecraft:fall_one_cm":1254,"minecraft:fly_one_cm":10295},"minecraft:mined":{"minecraft:grass":4,"minecraft:oak_log":8,"minecraft:oak_leaves":3}},"DataVersion":3465}