{"stats":{"minecraft:broken":{"minecraft:stone_pickaxe":1},"minecraft:mined":{"minecraft:nether_gold_ore":30,"minecraft:acacia_leaves":3,"minecraft:white_bed":2,"minecraft:glass_pane":4,"minecraft:stone_brick_slab":2,"minecraft:crafting_table":5,"minecraft:torch":13,"minecraft:granite":3,"minecraft:acacia_log":15,"minecraft:grass_block":2,"minecraft:chest":2,"minecraft:dead_bush":1,"minecraft:weeping_vines":1,"minecraft:tall_grass":5,"minecraft:sugar_cane":2,"minecraft:diorite":28,"minecraft:sandstone":7,"minecraft:wall_torch":8,"minecraft:weeping_vines_plant":1,"minecraft:hay_block":39,"minecraft:furnace":2,"minecraft:fire":7,"minecraft:acacia_wood":3,"minecraft:andesite":19,"minecraft:grass":24,"minecraft:coal_ore":27,"minecraft:oak_log":8,"minecraft:gravel":1,"minecraft:sand":32,"minecraft:dirt":33,"minecraft:stone":50,"minecraft:netherrack":177,"minecraft:oak_leaves":6},"minecraft:custom":{"minecraft:interact_with_furnace":9,"minecraft:mob_kills":24,"minecraft:interact_with_crafting_table":13,"minecraft:play_one_minute":80191,"minecraft:leave_game":4,"minecraft:time_since_death":80191,"minecraft:sleep_in_bed":10,"minecraft:time_since_rest":25006,"minecraft:sprint_one_cm":162250,"minecraft:damage_taken":459,"minecraft:walk_one_cm":73536,"minecraft:drop":4,"minecraft:damage_dealt":3050,"minecraft:swim_one_cm":604,"minecraft:fly_one_cm":405828,"minecraft:open_chest":23,"minecraft:crouch_one_cm":41642,"minecraft:sneak_time":19351,"minecraft:walk_under_water_one_cm":16,"minecraft:jump":1699,"minecraft:walk_on_water_one_cm":3590,"minecraft:fall_one_cm":39958},"minecraft:killed":{"minecraft:pig":5,"minecraft:iron_golem":1,"minecraft:sheep":5,"minecraft:chicken":3,"minecraft:cow":10},"minecraft:picked_up":{"minecraft:crafting_table":5,"minecraft:feather":6,"minecraft:chicken":3,"minecraft:andesite":19,"minecraft:leather":10,"minecraft:acacia_wood":3,"minecraft:golden_shovel":1,"minecraft:oak_log":8,"minecraft:golden_boots":2,"minecraft:dirt":33,"minecraft:wheat_seeds":3,"minecraft:gold_nugget":116,"minecraft:iron_ingot":3,"minecraft:beef":24,"minecraft:light_gray_wool":2,"minecraft:enchanted_golden_apple":1,"minecraft:sugar_cane":5,"minecraft:chest":2,"minecraft:acacia_sapling":1,"minecraft:furnace":2,"minecraft:stick":4,"minecraft:sandstone":5,"minecraft:stone_brick_slab":2,"minecraft:torch":25,"minecraft:acacia_log":15,"minecraft:gravel":1,"minecraft:porkchop":19,"minecraft:sand":53,"minecraft:diorite":26,"minecraft:white_bed":2,"minecraft:weeping_vines":2,"minecraft:hay_block":39,"minecraft:granite":3,"minecraft:gray_wool":1,"minecraft:mutton":9,"minecraft:netherrack":165,"minecraft:obsidian":2,"minecraft:coal":27,"minecraft:white_wool":2,"minecraft:cobblestone":48},"minecraft:used":{"minecraft:water_bucket":9,"minecraft:diorite":26,"minecraft:stone_pickaxe":378,"minecraft:oak_planks":11,"minecraft:chest":3,"minecraft:wooden_pickaxe":18,"minecraft:sandstone":3,"minecraft:stone_hoe":46,"minecraft:netherrack":120,"minecraft:torch":64,"minecraft:dirt":29,"minecraft:sand":19,"minecraft:mutton":1,"minecraft:crafting_table":6,"minecraft:white_bed":1,"minecraft:stone_brick_slab":1,"minecraft:wooden_axe":38,"minecraft:lava_bucket":10,"minecraft:bread":5,"minecraft:stone_axe":55,"minecraft:cobblestone":9,"minecraft:cooked_porkchop":3,"minecraft:furnace":2,"minecraft:bucket":20,"minecraft:andesite":3,"minecraft:acacia_wood":2,"minecraft:cooked_beef":3},"minecraft:dropped":{"minecraft:gravel":1,"minecraft:wheat_seeds":2,"minecraft:stone_brick_slab":1},"minecraft:crafted":{"minecraft:cooked_beef":10,"minecraft:oak_planks":22,"minecraft:cooked_porkchop":3,"minecraft:crafting_table":1,"minecraft:wooden_pickaxe":1,"minecraft:furnace":1,"minecraft:bucket":1,"minecraft:stone_axe":1,"minecraft:bread":117,"minecraft:air":0,"minecraft:charcoal":4,"minecraft:stick":24,"minecraft:stone_pickaxe":4,"minecraft:wooden_axe":1,"minecraft:chest":1,"minecraft:acacia_planks":24,"minecraft:torch":48,"minecraft:stone_hoe":1,"minecraft:wheat":351}},"DataVersion":2586}