{"stats":{"minecraft:crafted":{"minecraft:cooked_chicken":7,"minecraft:furnace":1,"minecraft:cooked_mutton":11,"minecraft:flint_and_steel":1,"minecraft:diamond_helmet":1,"minecraft:diamond_leggings":1,"minecraft:stone_pickaxe":1,"minecraft:chest":2,"minecraft:diamond_boots":1,"minecraft:cooked_beef":5,"minecraft:diamond_sword":1,"minecraft:cooked_porkchop":9,"minecraft:diamond_axe":1,"minecraft:crafting_table":1,"minecraft:spruce_planks":100,"minecraft:wooden_pickaxe":1,"minecraft:spruce_door":3,"minecraft:cooked_salmon":1,"minecraft:bucket":1,"minecraft:air":0,"minecraft:iron_chestplate":1,"minecraft:diamond_pickaxe":1,"minecraft:shield":1,"minecraft:stick":28,"minecraft:iron_pickaxe":1,"minecraft:iron_ingot":16,"minecraft:wooden_axe":1,"minecraft:torch":16,"minecraft:diamond_chestplate":1},"minecraft:used":{"minecraft:flint_and_steel":1,"minecraft:chest":3,"minecraft:spruce_planks":45,"minecraft:shield":50,"minecraft:cooked_salmon":1,"minecraft:cooked_chicken":3,"minecraft:rotten_flesh":4,"minecraft:netherrack":26,"minecraft:iron_chestplate":1,"minecraft:torch":35,"minecraft:dirt":1,"minecraft:diamond_helmet":2,"minecraft:tuff":68,"minecraft:obsidian":1,"minecraft:wooden_axe":35,"minecraft:lava_bucket":9,"minecraft:diamond_chestplate":2,"minecraft:basalt":2,"minecraft:furnace":2,"minecraft:egg":1,"minecraft:cooked_beef":3,"minecraft:cobbled_deepslate":218,"minecraft:cooked_mutton":4,"minecraft:water_bucket":15,"minecraft:diamond_boots":2,"minecraft:spruce_door":1,"minecraft:stone_pickaxe":96,"minecraft:wooden_pickaxe":12,"minecraft:diamond_axe":32,"minecraft:salmon":2,"minecraft:crafting_table":6,"minecraft:white_bed":2,"minecraft:spruce_log":3,"minecraft:smoker":2,"minecraft:diamond_pickaxe":664,"minecraft:bread":1,"minecraft:iron_pickaxe":243,"minecraft:gravel":46,"minecraft:diamond_sword":63,"minecraft:cobblestone":2,"minecraft:cooked_porkchop":5,"minecraft:bucket":25,"minecraft:andesite":11,"minecraft:diamond_leggings":2},"minecraft:custom":{"minecraft:mob_kills":44,"minecraft:interact_with_crafting_table":22,"minecraft:leave_game":1,"minecraft:time_since_death":9473,"minecraft:sprint_one_cm":254014,"minecraft:walk_one_cm":104893,"minecraft:damage_blocked_by_shield":860,"minecraft:drop":13,"minecraft:talked_to_villager":2,"minecraft:play_time":96192,"minecraft:deaths":1,"minecraft:sneak_time":38870,"minecraft:walk_under_water_one_cm":14887,"minecraft:jump":1882,"minecraft:walk_on_water_one_cm":25013,"minecraft:total_world_time":96192,"minecraft:interact_with_furnace":17,"minecraft:sleep_in_bed":9,"minecraft:time_since_rest":9504,"minecraft:damage_taken":1282,"minecraft:damage_dealt":4986,"minecraft:swim_one_cm":24890,"minecraft:fly_one_cm":353099,"minecraft:player_kills":1,"minecraft:open_chest":34,"minecraft:crouch_one_cm":89252,"minecraft:interact_with_smoker":18,"minecraft:fall_one_cm":43936},"minecraft:picked_up":{"minecraft:crafting_table":5,"minecraft:chicken":8,"minecraft:string":1,"minecraft:diamond_leggings":1,"minecraft:gold_nugget":21,"minecraft:cobbled_deepslate":279,"minecraft:spruce_planks":5,"minecraft:beef":5,"minecraft:chest":1,"minecraft:egg":1,"minecraft:furnace":1,"minecraft:tipped_arrow":1,"minecraft:raw_iron":16,"minecraft:stick":2,"minecraft:torch":19,"minecraft:porkchop":9,"minecraft:diorite":16,"minecraft:diamond_chestplate":1,"minecraft:rotten_flesh":13,"minecraft:diamond_boots":1,"minecraft:mutton":11,"minecraft:obsidian":5,"minecraft:white_wool":6,"minecraft:cobblestone":52,"minecraft:magma_block":29,"minecraft:feather":5,"minecraft:basalt":2,"minecraft:salmon":5,"minecraft:andesite":11,"minecraft:leather":6,"minecraft:smoker":2,"minecraft:flint":3,"minecraft:tuff":80,"minecraft:ancient_debris":8,"minecraft:gunpowder":2,"minecraft:lapis_lazuli":54,"minecraft:dirt":1,"minecraft:bone":3,"minecraft:soul_sand":1,"minecraft:gravel":67,"minecraft:white_bed":2,"minecraft:spruce_log":28,"minecraft:spider_eye":2,"minecraft:diamond":51,"minecraft:granite":1,"minecraft:netherrack":413,"minecraft:coal":25,"minecraft:diamond_pickaxe":1},"minecraft:killed":{"minecraft:spider":3,"minecraft:skeleton":1,"minecraft:chicken":7,"minecraft:piglin":1,"minecraft:pig":5,"minecraft:salmon":5,"minecraft:sheep":6,"minecraft:zombie":13,"minecraft:stray":1,"minecraft:cow":2},"minecraft:mined":{"minecraft:nether_gold_ore":5,"minecraft:diamond_ore":1,"minecraft:tuff":80,"minecraft:spruce_planks":1,"minecraft:white_bed":2,"minecraft:deepslate_diamond_ore":50,"minecraft:obsidian":4,"minecraft:granite":1,"minecraft:grass_block":1,"minecraft:spruce_leaves":9,"minecraft:large_fern":1,"minecraft:magma_block":18,"minecraft:furnace":1,"minecraft:iron_ore":16,"minecraft:cobbled_deepslate":5,"minecraft:fire":12,"minecraft:andesite":11,"minecraft:deepslate_lapis_ore":8,"minecraft:stone":50,"minecraft:glass_pane":1,"minecraft:soul_sand":2,"minecraft:smoker":2,"minecraft:basalt":2,"minecraft:crafting_table":5,"minecraft:torch":10,"minecraft:chest":1,"minecraft:cobblestone":3,"minecraft:oak_planks":1,"minecraft:diorite":16,"minecraft:wall_torch":9,"minecraft:ice":5,"minecraft:spruce_log":32,"minecraft:grass":3,"minecraft:coal_ore":10,"minecraft:gravel":48,"minecraft:netherrack":414,"minecraft:ancient_debris":8,"minecraft:deepslate":274},"minecraft:killed_by":{"minecraft:zombie":1},"minecraft:dropped":{"minecraft:cooked_beef":2,"minecraft:diamond":19,"minecraft:cooked_porkchop":4,"minecraft:leather":4,"minecraft:rotten_flesh":2,"minecraft:cooked_mutton":2,"minecraft:tipped_arrow":1}},"DataVersion":3465}