{"stats":{"minecraft:mined":{"minecraft:grass":3,"minecraft:grass_block":3,"minecraft:dirt":3,"minecraft:dark_oak_log":5},"minecraft:crafted":{"minecraft:iron_sword":1,"minecraft:dark_oak_planks":44,"minecraft:crafting_table":1,"minecraft:stick":8,"minecraft:wooden_pickaxe":1,"minecraft:iron_pickaxe":1},"minecraft:custom":{"minecraft:time_since_rest":20972,"minecraft:play_one_minute":20972,"minecraft:damage_taken":180,"minecraft:walk_one_cm":5013,"minecraft:jump":42,"minecraft:leave_game":4,"minecraft:time_since_death":20972,"minecraft:interact_with_crafting_table":4,"minecraft:fly_one_cm":80},"minecraft:used":{"minecraft:crafting_table":1,"minecraft:cooked_cod":1},"minecraft:picked_up":{"minecraft:cooked_cod":4,"minecraft:iron_ingot":17,"minecraft:stone_pickaxe":1,"minecraft:dark_oak_log":11,"minecraft:dirt":6}},"DataVersion":2586}