{"stats":{"minecraft:broken":{"minecraft:wooden_axe":2},"minecraft:mined":{"minecraft:white_bed":1,"minecraft:bee_nest":1,"minecraft:grass":8,"minecraft:grass_block":2,"minecraft:coal_ore":7,"minecraft:oak_log":11,"minecraft:chest":1,"minecraft:dirt":5,"minecraft:sand":7,"minecraft:stone":7,"minecraft:oak_leaves":1},"minecraft:custom":{"minecraft:time_since_rest":15955,"minecraft:interact_with_furnace":1,"minecraft:sprint_one_cm":50343,"minecraft:damage_taken":1109,"minecraft:walk_one_cm":66039,"minecraft:mob_kills":13,"minecraft:damage_dealt":1835,"minecraft:interact_with_crafting_table":4,"minecraft:swim_one_cm":2705,"minecraft:fly_one_cm":120344,"minecraft:open_chest":7,"minecraft:play_one_minute":27786,"minecraft:deaths":4,"minecraft:sneak_time":25,"minecraft:walk_under_water_one_cm":484,"minecraft:jump":471,"minecraft:leave_game":6,"minecraft:walk_on_water_one_cm":1988,"minecraft:time_since_death":15935,"minecraft:fall_one_cm":14213,"minecraft:horse_one_cm":128413},"minecraft:killed":{"minecraft:sheep":6,"minecraft:pig":4,"minecraft:iron_golem":1,"minecraft:cow":2},"minecraft:killed_by":{"minecraft:player":3},"minecraft:picked_up":{"minecraft:wooden_axe":2,"minecraft:crafting_table":1,"minecraft:leather":1,"minecraft:wooden_pickaxe":3,"minecraft:porkchop":8,"minecraft:sand":7,"minecraft:oak_log":11,"minecraft:white_bed":1,"minecraft:dirt":7,"minecraft:rotten_flesh":2,"minecraft:apple":1,"minecraft:wheat_seeds":1,"minecraft:beef":3,"minecraft:iron_ingot":4,"minecraft:emerald":1,"minecraft:poppy":1,"minecraft:light_gray_wool":1,"minecraft:chest":1,"minecraft:mutton":14,"minecraft:coal":7,"minecraft:white_wool":5,"minecraft:cobblestone":7},"minecraft:used":{"minecraft:wooden_axe":48,"minecraft:oak_planks":8,"minecraft:wooden_pickaxe":21,"minecraft:dirt":4,"minecraft:sand":18,"minecraft:crafting_table":3},"minecraft:crafted":{"minecraft:oak_planks":40,"minecraft:crafting_table":3,"minecraft:stick":4,"minecraft:wooden_pickaxe":1,"minecraft:wooden_axe":1}},"DataVersion":2586}