{"stats":{"minecraft:broken":{"minecraft:wooden_axe":2},"minecraft:mined":{"minecraft:cut_sandstone":1,"minecraft:stone_pressure_plate":1,"minecraft:white_bed":1,"minecraft:orange_terracotta":1,"minecraft:grass_block":4,"minecraft:chest":5,"minecraft:tall_grass":2,"minecraft:cyan_bed":2,"minecraft:tnt":9,"minecraft:bee_nest":1,"minecraft:grass":15,"minecraft:coal_ore":7,"minecraft:oak_log":13,"minecraft:sand":7,"minecraft:dirt":10,"minecraft:stone":10,"minecraft:oak_leaves":1,"minecraft:green_bed":1},"minecraft:custom":{"minecraft:interact_with_furnace":6,"minecraft:mob_kills":32,"minecraft:interact_with_crafting_table":7,"minecraft:play_one_minute":64157,"minecraft:leave_game":10,"minecraft:time_since_death":52306,"minecraft:sleep_in_bed":3,"minecraft:time_since_rest":6567,"minecraft:sprint_one_cm":74573,"minecraft:damage_taken":1269,"minecraft:walk_one_cm":112868,"minecraft:drop":3,"minecraft:damage_dealt":4888,"minecraft:swim_one_cm":2705,"minecraft:fly_one_cm":154801,"minecraft:open_chest":19,"minecraft:crouch_one_cm":36,"minecraft:deaths":4,"minecraft:sneak_time":39,"minecraft:walk_under_water_one_cm":9756,"minecraft:jump":637,"minecraft:walk_on_water_one_cm":4288,"minecraft:fall_one_cm":18372,"minecraft:horse_one_cm":975524},"minecraft:killed":{"minecraft:husk":2,"minecraft:pig":13,"minecraft:iron_golem":2,"minecraft:sheep":10,"minecraft:zombie":2,"minecraft:chicken":1,"minecraft:cow":2},"minecraft:killed_by":{"minecraft:player":3},"minecraft:picked_up":{"minecraft:wooden_axe":2,"minecraft:crafting_table":1,"minecraft:chicken":1,"minecraft:leather":1,"minecraft:cut_sandstone":1,"minecraft:wooden_pickaxe":3,"minecraft:oak_log":13,"minecraft:gunpowder":7,"minecraft:string":17,"minecraft:dirt":14,"minecraft:orange_terracotta":1,"minecraft:bone":15,"minecraft:apple":1,"minecraft:wheat_seeds":2,"minecraft:iron_ingot":7,"minecraft:beef":3,"minecraft:poppy":2,"minecraft:light_gray_wool":1,"minecraft:chest":5,"minecraft:stick":1,"minecraft:green_bed":1,"minecraft:porkchop":26,"minecraft:sand":20,"minecraft:white_bed":1,"minecraft:cyan_bed":2,"minecraft:spider_eye":1,"minecraft:stone_pressure_plate":1,"minecraft:tnt":9,"minecraft:rotten_flesh":22,"minecraft:emerald":1,"minecraft:oak_sapling":1,"minecraft:mutton":19,"minecraft:coal":7,"minecraft:white_wool":9,"minecraft:cobblestone":10},"minecraft:used":{"minecraft:cooked_mutton":4,"minecraft:oak_planks":11,"minecraft:chest":1,"minecraft:wooden_pickaxe":42,"minecraft:iron_sword":76,"minecraft:dirt":11,"minecraft:sand":30,"minecraft:crafting_table":5,"minecraft:white_bed":1,"minecraft:wooden_axe":52,"minecraft:cyan_bed":1,"minecraft:furnace":1},"minecraft:dropped":{"minecraft:green_bed":1,"minecraft:rotten_flesh":21,"minecraft:stone_pressure_plate":1},"minecraft:crafted":{"minecraft:oak_planks":48,"minecraft:crafting_table":4,"minecraft:wooden_pickaxe":1,"minecraft:iron_sword":1,"minecraft:furnace":1,"minecraft:cooked_mutton":10,"minecraft:air":0,"minecraft:stick":8,"minecraft:wooden_axe":2,"minecraft:white_bed":1}},"DataVersion":2586}