{"stats":{"minecraft:mined":{"minecraft:diamond_ore":18,"minecraft:dark_oak_log":24,"minecraft:crafting_table":3,"minecraft:granite":28,"minecraft:grass_block":1,"minecraft:sugar_cane":3,"minecraft:diorite":15,"minecraft:seagrass":1,"minecraft:tall_seagrass":3,"minecraft:furnace":1,"minecraft:iron_ore":111,"minecraft:andesite":10,"minecraft:oak_log":14,"minecraft:coal_ore":43,"minecraft:gravel":4,"minecraft:dirt":8,"minecraft:stone":412,"minecraft:gold_ore":12},"minecraft:killed":{"minecraft:pig":1,"minecraft:cod":11,"minecraft:skeleton":1},"minecraft:broken":{"minecraft:iron_pickaxe":1,"minecraft:wooden_axe":1},"minecraft:crafted":{"minecraft:cooked_cod":11,"minecraft:oak_planks":56,"minecraft:cooked_porkchop":2,"minecraft:crafting_table":5,"minecraft:wooden_pickaxe":2,"minecraft:iron_sword":1,"minecraft:furnace":4,"minecraft:bucket":1,"minecraft:air":0,"minecraft:iron_chestplate":1,"minecraft:stick":26,"minecraft:iron_ingot":45,"minecraft:iron_pickaxe":4,"minecraft:stone_pickaxe":2,"minecraft:wooden_axe":2,"minecraft:stone_sword":1,"minecraft:iron_leggings":1,"minecraft:gold_ingot":8,"minecraft:dark_oak_planks":96},"minecraft:custom":{"minecraft:interact_with_furnace":36,"minecraft:mob_kills":14,"minecraft:interact_with_crafting_table":17,"minecraft:play_one_minute":50892,"minecraft:leave_game":5,"minecraft:time_since_death":9553,"minecraft:time_since_rest":9686,"minecraft:sprint_one_cm":13831,"minecraft:damage_taken":696,"minecraft:walk_one_cm":85296,"minecraft:drop":3,"minecraft:damage_dealt":721,"minecraft:fly_one_cm":29618,"minecraft:deaths":1,"minecraft:sneak_time":51,"minecraft:walk_under_water_one_cm":8158,"minecraft:jump":263,"minecraft:walk_on_water_one_cm":9635,"minecraft:fall_one_cm":2473},"minecraft:used":{"minecraft:diorite":1,"minecraft:stone_sword":5,"minecraft:stone_pickaxe":152,"minecraft:oak_planks":4,"minecraft:wooden_pickaxe":14,"minecraft:crafting_table":7,"minecraft:granite":2,"minecraft:wooden_axe":63,"minecraft:iron_pickaxe":515,"minecraft:cobblestone":22,"minecraft:cooked_porkchop":2,"minecraft:furnace":4,"minecraft:cooked_cod":3,"minecraft:andesite":2},"minecraft:dropped":{"minecraft:cobblestone":1,"minecraft:cooked_cod":2,"minecraft:iron_pickaxe":1},"minecraft:picked_up":{"minecraft:crafting_table":3,"minecraft:andesite":10,"minecraft:flint":1,"minecraft:oak_log":14,"minecraft:dirt":9,"minecraft:iron_ore":130,"minecraft:iron_pickaxe":1,"minecraft:sugar_cane":3,"minecraft:furnace":1,"minecraft:gravel":3,"minecraft:porkchop":2,"minecraft:diorite":15,"minecraft:gold_ore":12,"minecraft:dark_oak_log":24,"minecraft:rotten_flesh":2,"minecraft:cooked_cod":2,"minecraft:diamond":18,"minecraft:granite":28,"minecraft:bone_meal":1,"minecraft:coal":43,"minecraft:cod":11,"minecraft:cobblestone":410}},"DataVersion":2586}