{"stats":{"minecraft:picked_up":{"minecraft:birch_log":8,"minecraft:raw_iron":22,"minecraft:feather":5,"minecraft:chicken":8,"minecraft:andesite":5,"minecraft:oak_log":10,"minecraft:dirt":14,"minecraft:rotten_flesh":1,"minecraft:wheat_seeds":2,"minecraft:coal":10,"minecraft:oak_planks":11,"minecraft:egg":2,"minecraft:cobblestone":82,"minecraft:sunflower":1},"minecraft:used":{"minecraft:wooden_axe":13,"minecraft:stone_pickaxe":94,"minecraft:iron_pickaxe":21,"minecraft:wooden_pickaxe":18,"minecraft:cooked_chicken":1,"minecraft:stone_axe":15,"minecraft:dirt":14,"minecraft:crafting_table":3,"minecraft:furnace":3},"minecraft:killed":{"minecraft:zombie":1,"minecraft:chicken":7},"minecraft:crafted":{"minecraft:wooden_sword":1,"minecraft:oak_planks":40,"minecraft:crafting_table":3,"minecraft:stick":12,"minecraft:iron_pickaxe":1,"minecraft:iron_ingot":4,"minecraft:wooden_pickaxe":1,"minecraft:cooked_chicken":7,"minecraft:stone_pickaxe":1,"minecraft:wooden_axe":1,"minecraft:furnace":3,"minecraft:birch_planks":24,"minecraft:stone_axe":1,"minecraft:air":0},"minecraft:custom":{"minecraft:time_since_rest":15655,"minecraft:interact_with_furnace":7,"minecraft:sprint_one_cm":19295,"minecraft:damage_taken":391,"minecraft:walk_one_cm":33288,"minecraft:mob_kills":8,"minecraft:damage_dealt":524,"minecraft:interact_with_crafting_table":9,"minecraft:swim_one_cm":3733,"minecraft:fly_one_cm":22083,"minecraft:play_time":17242,"minecraft:deaths":1,"minecraft:sneak_time":38,"minecraft:walk_under_water_one_cm":1078,"minecraft:jump":141,"minecraft:walk_on_water_one_cm":1814,"minecraft:time_since_death":15622,"minecraft:total_world_time":17242,"minecraft:fall_one_cm":1498},"minecraft:killed_by":{"minecraft:player":1},"minecraft:mined":{"minecraft:iron_ore":22,"minecraft:birch_log":8,"minecraft:andesite":5,"minecraft:grass":12,"minecraft:coal_ore":10,"minecraft:grass_block":5,"minecraft:oak_log":11,"minecraft:sunflower":1,"minecraft:dirt":9,"minecraft:tall_grass":1,"minecraft:stone":82,"minecraft:oak_leaves":5}},"DataVersion":3465}