{"stats":{"minecraft:mined":{"minecraft:diamond_ore":119,"minecraft:white_bed":4,"minecraft:glass_pane":5,"minecraft:kelp_plant":1,"minecraft:stripped_birch_log":7,"minecraft:dark_oak_log":38,"minecraft:crafting_table":7,"minecraft:torch":2,"minecraft:granite":92,"minecraft:grass_block":3,"minecraft:poppy":1,"minecraft:tall_grass":3,"minecraft:cobblestone":6,"minecraft:sugar_cane":3,"minecraft:diorite":99,"minecraft:white_terracotta":47,"minecraft:seagrass":1,"minecraft:tall_seagrass":3,"minecraft:furnace":8,"minecraft:iron_ore":274,"minecraft:fire":7,"minecraft:birch_leaves":1,"minecraft:andesite":67,"minecraft:bee_nest":1,"minecraft:grass":17,"minecraft:oak_log":39,"minecraft:coal_ore":155,"minecraft:vine":4,"minecraft:gravel":15,"minecraft:dirt":17,"minecraft:blue_orchid":3,"minecraft:stone":1380,"minecraft:gold_ore":12},"minecraft:killed":{"minecraft:cave_spider":1,"minecraft:pig":11,"minecraft:spider":1,"minecraft:cod":28,"minecraft:sheep":10,"minecraft:skeleton":1,"minecraft:zombie":5,"minecraft:chicken":4,"minecraft:cow":16},"minecraft:custom":{"minecraft:interact_with_furnace":94,"minecraft:mob_kills":78,"minecraft:interact_with_crafting_table":40,"minecraft:play_one_minute":169418,"minecraft:leave_game":8,"minecraft:time_since_death":89204,"minecraft:sleep_in_bed":4,"minecraft:climb_one_cm":970,"minecraft:time_since_rest":11583,"minecraft:sprint_one_cm":123524,"minecraft:damage_taken":1969,"minecraft:walk_one_cm":337674,"minecraft:drop":28,"minecraft:damage_dealt":5879,"minecraft:swim_one_cm":38351,"minecraft:fly_one_cm":183862,"minecraft:open_chest":2,"minecraft:crouch_one_cm":1234,"minecraft:deaths":3,"minecraft:sneak_time":650,"minecraft:walk_under_water_one_cm":47001,"minecraft:jump":1385,"minecraft:walk_on_water_one_cm":31679,"minecraft:fall_one_cm":28012,"minecraft:horse_one_cm":1475},"minecraft:crafted":{"minecraft:cooked_beef":4,"minecraft:cooked_cod":21,"minecraft:oak_planks":112,"minecraft:cooked_porkchop":4,"minecraft:crafting_table":8,"minecraft:cooked_chicken":4,"minecraft:wooden_pickaxe":3,"minecraft:iron_helmet":2,"minecraft:iron_sword":1,"minecraft:furnace":7,"minecraft:bucket":1,"minecraft:cooked_mutton":9,"minecraft:air":0,"minecraft:flint_and_steel":1,"minecraft:iron_boots":2,"minecraft:iron_chestplate":3,"minecraft:diamond_pickaxe":1,"minecraft:shield":2,"minecraft:iron_axe":2,"minecraft:stick":42,"minecraft:iron_ingot":180,"minecraft:iron_pickaxe":8,"minecraft:stone_pickaxe":3,"minecraft:wooden_axe":3,"minecraft:stone_sword":1,"minecraft:iron_leggings":3,"minecraft:gold_ingot":8,"minecraft:white_bed":1,"minecraft:dark_oak_planks":96},"minecraft:broken":{"minecraft:stone_pickaxe":1,"minecraft:iron_pickaxe":5,"minecraft:wooden_axe":2},"minecraft:used":{"minecraft:cooked_mutton":2,"minecraft:diorite":19,"minecraft:stone_sword":5,"minecraft:flint_and_steel":2,"minecraft:stone_pickaxe":287,"minecraft:oak_planks":4,"minecraft:wooden_pickaxe":24,"minecraft:cooked_chicken":4,"minecraft:torch":1,"minecraft:dirt":8,"minecraft:crafting_table":14,"minecraft:white_bed":4,"minecraft:granite":2,"minecraft:wooden_axe":105,"minecraft:diamond_pickaxe":583,"minecraft:iron_axe":193,"minecraft:iron_pickaxe":1422,"minecraft:gravel":3,"minecraft:cobblestone":264,"minecraft:oak_sapling":1,"minecraft:porkchop":3,"minecraft:furnace":11,"minecraft:cooked_cod":6,"minecraft:cooked_porkchop":2,"minecraft:andesite":50,"minecraft:cooked_beef":4},"minecraft:dropped":{"minecraft:gravel":5,"minecraft:iron_ingot":17,"minecraft:wheat_seeds":3,"minecraft:feather":3,"minecraft:rotten_flesh":1,"minecraft:cobblestone":153,"minecraft:leather":1,"minecraft:granite":1,"minecraft:dirt":4,"minecraft:poppy":1,"minecraft:diorite":17,"minecraft:andesite":6,"minecraft:wooden_axe":1,"minecraft:cooked_cod":6,"minecraft:spider_eye":1,"minecraft:wooden_pickaxe":2,"minecraft:stone_pickaxe":1,"minecraft:iron_pickaxe":1,"minecraft:string":1,"minecraft:bone":2},"minecraft:picked_up":{"minecraft:wooden_axe":1,"minecraft:crafting_table":7,"minecraft:feather":3,"minecraft:chicken":4,"minecraft:andesite":67,"minecraft:leather":14,"minecraft:wooden_pickaxe":1,"minecraft:flint":2,"minecraft:oak_log":39,"minecraft:stripped_birch_log":7,"minecraft:string":2,"minecraft:dirt":20,"minecraft:bone":2,"minecraft:blue_orchid":3,"minecraft:kelp":1,"minecraft:wheat_seeds":6,"minecraft:iron_ingot":1,"minecraft:beef":37,"minecraft:iron_ore":292,"minecraft:light_gray_wool":1,"minecraft:poppy":1,"minecraft:iron_pickaxe":1,"minecraft:sugar_cane":3,"minecraft:egg":1,"minecraft:furnace":7,"minecraft:stick":2,"minecraft:torch":2,"minecraft:gravel":13,"minecraft:porkchop":24,"minecraft:diorite":99,"minecraft:white_bed":4,"minecraft:gold_ore":12,"minecraft:spider_eye":1,"minecraft:dark_oak_log":32,"minecraft:arrow":1,"minecraft:rotten_flesh":3,"minecraft:cooked_cod":2,"minecraft:diamond":119,"minecraft:granite":92,"minecraft:bone_meal":2,"minecraft:white_terracotta":42,"minecraft:oak_sapling":1,"minecraft:mutton":17,"minecraft:cod":26,"minecraft:coal":210,"minecraft:white_wool":9,"minecraft:cobblestone":1379}},"DataVersion":2586}