{"stats":{"minecraft:picked_up":{"minecraft:birch_log":8,"minecraft:feather":3,"minecraft:chicken":4,"minecraft:andesite":1,"minecraft:oak_log":5,"minecraft:dirt":12,"minecraft:rotten_flesh":1,"minecraft:wheat_seeds":2,"minecraft:oak_planks":11,"minecraft:egg":1,"minecraft:cobblestone":5,"minecraft:sunflower":1},"minecraft:used":{"minecraft:wooden_axe":13,"minecraft:wooden_pickaxe":18,"minecraft:dirt":1,"minecraft:crafting_table":2},"minecraft:killed":{"minecraft:zombie":1,"minecraft:chicken":3},"minecraft:crafted":{"minecraft:wooden_sword":1,"minecraft:crafting_table":2,"minecraft:stick":12,"minecraft:wooden_pickaxe":1,"minecraft:wooden_axe":1,"minecraft:birch_planks":12},"minecraft:custom":{"minecraft:time_since_rest":3655,"minecraft:sprint_one_cm":11018,"minecraft:damage_taken":381,"minecraft:walk_one_cm":9783,"minecraft:mob_kills":4,"minecraft:damage_dealt":364,"minecraft:interact_with_crafting_table":3,"minecraft:swim_one_cm":3733,"minecraft:fly_one_cm":15145,"minecraft:play_time":5242,"minecraft:deaths":1,"minecraft:sneak_time":22,"minecraft:walk_under_water_one_cm":1078,"minecraft:jump":74,"minecraft:walk_on_water_one_cm":1814,"minecraft:time_since_death":3622,"minecraft:total_world_time":5242},"minecraft:killed_by":{"minecraft:player":1},"minecraft:mined":{"minecraft:birch_log":8,"minecraft:andesite":1,"minecraft:grass":9,"minecraft:grass_block":5,"minecraft:oak_log":6,"minecraft:sunflower":1,"minecraft:dirt":7,"minecraft:tall_grass":1,"minecraft:stone":5}},"DataVersion":3465}