{"stats":{"minecraft:broken":{"minecraft:wooden_axe":1},"minecraft:mined":{"minecraft:grass":1,"minecraft:oak_log":5,"minecraft:white_bed":1,"minecraft:oak_leaves":1,"minecraft:bee_nest":1},"minecraft:custom":{"minecraft:open_chest":3,"minecraft:time_since_rest":114,"minecraft:play_one_minute":10182,"minecraft:damage_taken":741,"minecraft:interact_with_furnace":1,"minecraft:sprint_one_cm":21064,"minecraft:walk_one_cm":26748,"minecraft:deaths":3,"minecraft:mob_kills":5,"minecraft:jump":207,"minecraft:damage_dealt":1107,"minecraft:leave_game":2,"minecraft:walk_on_water_one_cm":1019,"minecraft:time_since_death":94,"minecraft:interact_with_crafting_table":2,"minecraft:fall_one_cm":6941,"minecraft:fly_one_cm":49759},"minecraft:killed":{"minecraft:iron_golem":1,"minecraft:sheep":2,"minecraft:cow":2},"minecraft:killed_by":{"minecraft:player":2},"minecraft:picked_up":{"minecraft:wooden_axe":1,"minecraft:leather":1,"minecraft:wooden_pickaxe":1,"minecraft:iron_ingot":4,"minecraft:beef":3,"minecraft:oak_log":5,"minecraft:poppy":1,"minecraft:white_bed":1,"minecraft:mutton":4,"minecraft:white_wool":2},"minecraft:used":{"minecraft:wooden_axe":31,"minecraft:crafting_table":1,"minecraft:oak_planks":3},"minecraft:crafted":{"minecraft:oak_planks":16,"minecraft:crafting_table":1,"minecraft:stick":4,"minecraft:wooden_pickaxe":1,"minecraft:wooden_axe":1}},"DataVersion":2586}