{"stats":{"minecraft:broken":{"minecraft:wooden_axe":2},"minecraft:mined":{"minecraft:white_bed":1,"minecraft:bee_nest":1,"minecraft:grass":5,"minecraft:oak_log":7,"minecraft:chest":1,"minecraft:sand":7,"minecraft:oak_leaves":1},"minecraft:custom":{"minecraft:time_since_rest":9955,"minecraft:interact_with_furnace":1,"minecraft:sprint_one_cm":43829,"minecraft:damage_taken":1109,"minecraft:walk_one_cm":54984,"minecraft:mob_kills":13,"minecraft:damage_dealt":1835,"minecraft:interact_with_crafting_table":3,"minecraft:swim_one_cm":2705,"minecraft:fly_one_cm":112918,"minecraft:open_chest":7,"minecraft:play_one_minute":21786,"minecraft:deaths":4,"minecraft:sneak_time":21,"minecraft:walk_under_water_one_cm":484,"minecraft:jump":433,"minecraft:leave_game":6,"minecraft:walk_on_water_one_cm":1988,"minecraft:time_since_death":9935,"minecraft:fall_one_cm":14004},"minecraft:killed":{"minecraft:sheep":6,"minecraft:pig":4,"minecraft:iron_golem":1,"minecraft:cow":2},"minecraft:killed_by":{"minecraft:player":3},"minecraft:picked_up":{"minecraft:wooden_axe":2,"minecraft:crafting_table":1,"minecraft:leather":1,"minecraft:wooden_pickaxe":3,"minecraft:porkchop":8,"minecraft:sand":7,"minecraft:oak_log":7,"minecraft:white_bed":1,"minecraft:apple":1,"minecraft:beef":3,"minecraft:iron_ingot":4,"minecraft:emerald":1,"minecraft:poppy":1,"minecraft:light_gray_wool":1,"minecraft:chest":1,"minecraft:mutton":14,"minecraft:white_wool":5},"minecraft:used":{"minecraft:wooden_axe":48,"minecraft:oak_planks":8,"minecraft:sand":18,"minecraft:crafting_table":2},"minecraft:crafted":{"minecraft:oak_planks":24,"minecraft:crafting_table":1,"minecraft:stick":4,"minecraft:wooden_pickaxe":1,"minecraft:wooden_axe":1}},"DataVersion":2586}