{"stats":{"minecraft:custom":{"minecraft:interact_with_furnace":23,"minecraft:mob_kills":20,"minecraft:interact_with_crafting_table":19,"minecraft:leave_game":1,"minecraft:time_since_death":130,"minecraft:time_since_rest":158,"minecraft:sprint_one_cm":137358,"minecraft:damage_taken":2265,"minecraft:walk_one_cm":324121,"minecraft:drop":35,"minecraft:damage_dealt":2320,"minecraft:fly_one_cm":227009,"minecraft:open_chest":5,"minecraft:play_time":105295,"minecraft:deaths":7,"minecraft:sneak_time":96,"minecraft:walk_under_water_one_cm":11706,"minecraft:jump":1518,"minecraft:walk_on_water_one_cm":12723,"minecraft:total_world_time":105295,"minecraft:fall_one_cm":35797},"minecraft:crafted":{"minecraft:wooden_sword":1,"minecraft:diamond_axe":1,"minecraft:crafting_table":4,"minecraft:spruce_planks":60,"minecraft:wooden_pickaxe":1,"minecraft:cooked_chicken":2,"minecraft:furnace":2,"minecraft:air":0,"minecraft:diamond_helmet":1,"minecraft:diamond_leggings":1,"minecraft:iron_chestplate":1,"minecraft:diamond_pickaxe":1,"minecraft:iron_axe":1,"minecraft:stick":20,"minecraft:iron_ingot":34,"minecraft:iron_pickaxe":2,"minecraft:stone_pickaxe":1,"minecraft:wooden_axe":2,"minecraft:diamond_boots":1,"minecraft:iron_leggings":1,"minecraft:diamond_chestplate":1},"minecraft:broken":{"minecraft:stone_pickaxe":1,"minecraft:iron_pickaxe":2},"minecraft:used":{"minecraft:diamond_boots":1,"minecraft:stone_pickaxe":131,"minecraft:oak_planks":4,"minecraft:spruce_planks":29,"minecraft:wooden_pickaxe":23,"minecraft:iron_sword":38,"minecraft:diamond_axe":72,"minecraft:netherrack":80,"minecraft:cooked_chicken":2,"minecraft:iron_chestplate":1,"minecraft:glow_berries":5,"minecraft:dirt":4,"minecraft:crafting_table":8,"minecraft:diamond_helmet":2,"minecraft:wooden_axe":6,"minecraft:diamond_pickaxe":866,"minecraft:iron_axe":34,"minecraft:bread":3,"minecraft:iron_pickaxe":549,"minecraft:spruce_sapling":1,"minecraft:diamond_chestplate":1,"minecraft:magma_block":4,"minecraft:cobblestone":206,"minecraft:furnace":4,"minecraft:andesite":22,"minecraft:cooked_beef":3,"minecraft:cobbled_deepslate":2,"minecraft:pumpkin":1,"minecraft:iron_leggings":1,"minecraft:diamond_leggings":1},"minecraft:dropped":{"minecraft:ancient_debris":21,"minecraft:cooked_beef":10,"minecraft:cobbled_deepslate":87,"minecraft:tuff":13,"minecraft:feather":3,"minecraft:cobblestone":64,"minecraft:oak_planks":4,"minecraft:leather":4,"minecraft:dirt":5,"minecraft:andesite":17,"minecraft:iron_chestplate":1,"minecraft:wooden_axe":1,"minecraft:wooden_sword":1,"minecraft:iron_axe":1,"minecraft:beef":3,"minecraft:iron_pickaxe":1,"minecraft:string":3,"minecraft:spruce_sapling":1},"minecraft:killed_by":{"minecraft:player":4},"minecraft:killed":{"minecraft:wolf":2,"minecraft:cave_spider":3,"minecraft:creeper":1,"minecraft:sheep":4,"minecraft:zombie":1,"minecraft:chicken":2,"minecraft:cow":7},"minecraft:picked_up":{"minecraft:wooden_axe":1,"minecraft:magma_block":13,"minecraft:iron_chestplate":1,"minecraft:crafting_table":4,"minecraft:cooked_beef":13,"minecraft:feather":6,"minecraft:chicken":2,"minecraft:andesite":56,"minecraft:leather":5,"minecraft:tuff":26,"minecraft:ancient_debris":22,"minecraft:gunpowder":2,"minecraft:string":7,"minecraft:dirt":14,"minecraft:iron_axe":1,"minecraft:wooden_sword":1,"minecraft:bone":3,"minecraft:blackstone":5,"minecraft:diamond_leggings":1,"minecraft:gold_nugget":42,"minecraft:cobbled_deepslate":304,"minecraft:spruce_planks":9,"minecraft:beef":7,"minecraft:iron_ingot":10,"minecraft:diamond_helmet":1,"minecraft:iron_pickaxe":2,"minecraft:iron_sword":1,"minecraft:oak_planks":18,"minecraft:soul_sand":11,"minecraft:furnace":2,"minecraft:stick":1,"minecraft:raw_iron":34,"minecraft:pumpkin":1,"minecraft:torch":15,"minecraft:gravel":6,"minecraft:spruce_sapling":4,"minecraft:diorite":37,"minecraft:spruce_log":16,"minecraft:spider_eye":1,"minecraft:rotten_flesh":1,"minecraft:diamond_chestplate":1,"minecraft:diamond":61,"minecraft:diamond_boots":1,"minecraft:iron_helmet":1,"minecraft:diamond_axe":1,"minecraft:granite":8,"minecraft:snowball":1,"minecraft:black_wool":1,"minecraft:mutton":6,"minecraft:netherrack":855,"minecraft:bread":3,"minecraft:coal":47,"minecraft:white_wool":3,"minecraft:cobblestone":477,"minecraft:diamond_pickaxe":1},"minecraft:mined":{"minecraft:nether_gold_ore":6,"minecraft:diamond_ore":3,"minecraft:tuff":13,"minecraft:spruce_planks":12,"minecraft:blackstone":3,"minecraft:soul_sand":7,"minecraft:deepslate_diamond_ore":42,"minecraft:basalt":5,"minecraft:crafting_table":4,"minecraft:granite":8,"minecraft:grass_block":2,"minecraft:cobblestone":28,"minecraft:spruce_leaves":14,"minecraft:oak_planks":14,"minecraft:diorite":38,"minecraft:large_fern":1,"minecraft:tall_seagrass":1,"minecraft:magma_block":11,"minecraft:furnace":2,"minecraft:cobbled_deepslate":2,"minecraft:iron_ore":34,"minecraft:fire":2,"minecraft:spruce_log":16,"minecraft:andesite":39,"minecraft:pumpkin":1,"minecraft:grass":2,"minecraft:coal_ore":22,"minecraft:cave_vines":1,"minecraft:gravel":4,"minecraft:dirt":7,"minecraft:ancient_debris":9,"minecraft:stone":325,"minecraft:netherrack":738,"minecraft:fern":1,"minecraft:deepslate":216}},"DataVersion":3465}