{"stats":{"minecraft:mined":{"minecraft:diamond_ore":18,"minecraft:kelp_plant":1,"minecraft:dark_oak_log":38,"minecraft:crafting_table":3,"minecraft:granite":30,"minecraft:grass_block":1,"minecraft:sugar_cane":3,"minecraft:diorite":18,"minecraft:seagrass":1,"minecraft:tall_seagrass":3,"minecraft:furnace":3,"minecraft:iron_ore":139,"minecraft:andesite":13,"minecraft:oak_log":14,"minecraft:coal_ore":81,"minecraft:gravel":4,"minecraft:dirt":12,"minecraft:stone":493,"minecraft:gold_ore":12},"minecraft:killed":{"minecraft:pig":1,"minecraft:cod":22,"minecraft:skeleton":1},"minecraft:broken":{"minecraft:iron_pickaxe":2,"minecraft:wooden_axe":1},"minecraft:crafted":{"minecraft:cooked_cod":18,"minecraft:oak_planks":56,"minecraft:cooked_porkchop":2,"minecraft:crafting_table":5,"minecraft:wooden_pickaxe":2,"minecraft:iron_helmet":1,"minecraft:iron_sword":1,"minecraft:furnace":5,"minecraft:bucket":1,"minecraft:air":0,"minecraft:iron_boots":1,"minecraft:iron_chestplate":2,"minecraft:shield":1,"minecraft:iron_axe":1,"minecraft:stick":26,"minecraft:iron_ingot":95,"minecraft:iron_pickaxe":5,"minecraft:stone_pickaxe":2,"minecraft:wooden_axe":2,"minecraft:stone_sword":1,"minecraft:iron_leggings":2,"minecraft:gold_ingot":8,"minecraft:dark_oak_planks":96},"minecraft:custom":{"minecraft:interact_with_furnace":57,"minecraft:mob_kills":25,"minecraft:interact_with_crafting_table":23,"minecraft:play_one_minute":67865,"minecraft:leave_game":7,"minecraft:time_since_death":26526,"minecraft:time_since_rest":26659,"minecraft:sprint_one_cm":23371,"minecraft:damage_taken":752,"minecraft:walk_one_cm":110989,"minecraft:drop":4,"minecraft:damage_dealt":1165,"minecraft:swim_one_cm":919,"minecraft:fly_one_cm":42019,"minecraft:crouch_one_cm":4,"minecraft:deaths":1,"minecraft:sneak_time":210,"minecraft:walk_under_water_one_cm":26901,"minecraft:jump":371,"minecraft:walk_on_water_one_cm":16829,"minecraft:fall_one_cm":4852},"minecraft:used":{"minecraft:diorite":10,"minecraft:stone_sword":5,"minecraft:stone_pickaxe":155,"minecraft:oak_planks":4,"minecraft:wooden_pickaxe":14,"minecraft:dirt":8,"minecraft:crafting_table":8,"minecraft:granite":2,"minecraft:wooden_axe":63,"minecraft:iron_axe":30,"minecraft:iron_pickaxe":672,"minecraft:cobblestone":81,"minecraft:furnace":7,"minecraft:cooked_cod":6,"minecraft:cooked_porkchop":2,"minecraft:andesite":2},"minecraft:dropped":{"minecraft:iron_ingot":17,"minecraft:cobblestone":1,"minecraft:cooked_cod":2,"minecraft:iron_pickaxe":1},"minecraft:picked_up":{"minecraft:crafting_table":3,"minecraft:andesite":13,"minecraft:flint":1,"minecraft:oak_log":14,"minecraft:dirt":13,"minecraft:kelp":1,"minecraft:iron_ore":157,"minecraft:iron_pickaxe":1,"minecraft:sugar_cane":3,"minecraft:furnace":2,"minecraft:gravel":3,"minecraft:porkchop":2,"minecraft:diorite":18,"minecraft:gold_ore":12,"minecraft:dark_oak_log":32,"minecraft:rotten_flesh":2,"minecraft:cooked_cod":2,"minecraft:diamond":18,"minecraft:granite":30,"minecraft:bone_meal":2,"minecraft:coal":91,"minecraft:cod":21,"minecraft:cobblestone":491}},"DataVersion":2586}