{"stats":{"minecraft:broken":{"minecraft:wooden_axe":2},"minecraft:mined":{"minecraft:stone_pressure_plate":1,"minecraft:white_bed":1,"minecraft:orange_terracotta":1,"minecraft:bee_nest":1,"minecraft:grass":15,"minecraft:grass_block":4,"minecraft:oak_log":13,"minecraft:coal_ore":7,"minecraft:chest":1,"minecraft:sand":7,"minecraft:dirt":10,"minecraft:tall_grass":2,"minecraft:stone":10,"minecraft:oak_leaves":1},"minecraft:custom":{"minecraft:time_since_rest":3326,"minecraft:interact_with_furnace":6,"minecraft:sprint_one_cm":70118,"minecraft:damage_taken":1219,"minecraft:walk_one_cm":95860,"minecraft:mob_kills":30,"minecraft:damage_dealt":3615,"minecraft:swim_one_cm":2705,"minecraft:interact_with_crafting_table":7,"minecraft:fly_one_cm":152770,"minecraft:open_chest":9,"minecraft:play_one_minute":41569,"minecraft:deaths":4,"minecraft:sneak_time":36,"minecraft:walk_under_water_one_cm":8951,"minecraft:jump":593,"minecraft:sleep_in_bed":1,"minecraft:leave_game":7,"minecraft:walk_on_water_one_cm":3980,"minecraft:time_since_death":29718,"minecraft:fall_one_cm":17683,"minecraft:horse_one_cm":300940},"minecraft:killed":{"minecraft:sheep":10,"minecraft:husk":1,"minecraft:zombie":2,"minecraft:pig":13,"minecraft:chicken":1,"minecraft:iron_golem":1,"minecraft:cow":2},"minecraft:killed_by":{"minecraft:player":3},"minecraft:picked_up":{"minecraft:wooden_axe":2,"minecraft:stick":1,"minecraft:crafting_table":1,"minecraft:chicken":1,"minecraft:leather":1,"minecraft:wooden_pickaxe":3,"minecraft:porkchop":26,"minecraft:sand":7,"minecraft:oak_log":13,"minecraft:white_bed":1,"minecraft:dirt":14,"minecraft:stone_pressure_plate":1,"minecraft:orange_terracotta":1,"minecraft:apple":1,"minecraft:rotten_flesh":2,"minecraft:wheat_seeds":2,"minecraft:beef":3,"minecraft:iron_ingot":4,"minecraft:emerald":1,"minecraft:poppy":1,"minecraft:light_gray_wool":1,"minecraft:oak_sapling":1,"minecraft:chest":1,"minecraft:mutton":19,"minecraft:coal":7,"minecraft:white_wool":9,"minecraft:cobblestone":10},"minecraft:used":{"minecraft:cooked_mutton":3,"minecraft:wooden_axe":48,"minecraft:oak_planks":8,"minecraft:wooden_pickaxe":32,"minecraft:iron_sword":46,"minecraft:dirt":10,"minecraft:sand":18,"minecraft:crafting_table":5,"minecraft:furnace":1,"minecraft:white_bed":1},"minecraft:crafted":{"minecraft:oak_planks":48,"minecraft:crafting_table":4,"minecraft:stick":8,"minecraft:wooden_pickaxe":1,"minecraft:wooden_axe":2,"minecraft:iron_sword":1,"minecraft:white_bed":1,"minecraft:furnace":1,"minecraft:air":0,"minecraft:cooked_mutton":10}},"DataVersion":2586}