{"stats":{"minecraft:broken":{"minecraft:wooden_axe":2},"minecraft:mined":{"minecraft:cut_sandstone":1,"minecraft:stone_pressure_plate":1,"minecraft:white_bed":1,"minecraft:orange_terracotta":1,"minecraft:grass_block":4,"minecraft:chest":5,"minecraft:tall_grass":2,"minecraft:tnt":9,"minecraft:bee_nest":1,"minecraft:grass":15,"minecraft:coal_ore":7,"minecraft:oak_log":13,"minecraft:sand":7,"minecraft:dirt":10,"minecraft:stone":10,"minecraft:oak_leaves":1},"minecraft:custom":{"minecraft:interact_with_furnace":6,"minecraft:mob_kills":30,"minecraft:interact_with_crafting_table":7,"minecraft:play_one_minute":53569,"minecraft:leave_game":7,"minecraft:time_since_death":41718,"minecraft:sleep_in_bed":1,"minecraft:time_since_rest":15326,"minecraft:sprint_one_cm":71764,"minecraft:damage_taken":1219,"minecraft:walk_one_cm":99053,"minecraft:drop":2,"minecraft:damage_dealt":3615,"minecraft:swim_one_cm":2705,"minecraft:fly_one_cm":153013,"minecraft:open_chest":18,"minecraft:deaths":4,"minecraft:sneak_time":36,"minecraft:walk_under_water_one_cm":9756,"minecraft:jump":611,"minecraft:walk_on_water_one_cm":4288,"minecraft:fall_one_cm":17683,"minecraft:horse_one_cm":873500},"minecraft:killed":{"minecraft:husk":1,"minecraft:pig":13,"minecraft:iron_golem":1,"minecraft:sheep":10,"minecraft:zombie":2,"minecraft:chicken":1,"minecraft:cow":2},"minecraft:killed_by":{"minecraft:player":3},"minecraft:picked_up":{"minecraft:wooden_axe":2,"minecraft:crafting_table":1,"minecraft:chicken":1,"minecraft:leather":1,"minecraft:cut_sandstone":1,"minecraft:wooden_pickaxe":3,"minecraft:oak_log":13,"minecraft:gunpowder":7,"minecraft:string":17,"minecraft:dirt":14,"minecraft:orange_terracotta":1,"minecraft:bone":15,"minecraft:apple":1,"minecraft:wheat_seeds":2,"minecraft:iron_ingot":4,"minecraft:beef":3,"minecraft:poppy":1,"minecraft:light_gray_wool":1,"minecraft:chest":5,"minecraft:stick":1,"minecraft:porkchop":26,"minecraft:sand":20,"minecraft:white_bed":1,"minecraft:spider_eye":1,"minecraft:stone_pressure_plate":1,"minecraft:tnt":9,"minecraft:rotten_flesh":21,"minecraft:emerald":1,"minecraft:oak_sapling":1,"minecraft:mutton":19,"minecraft:coal":7,"minecraft:white_wool":9,"minecraft:cobblestone":10},"minecraft:used":{"minecraft:cooked_mutton":4,"minecraft:oak_planks":8,"minecraft:wooden_pickaxe":42,"minecraft:iron_sword":46,"minecraft:dirt":11,"minecraft:sand":30,"minecraft:crafting_table":5,"minecraft:white_bed":1,"minecraft:wooden_axe":52,"minecraft:furnace":1},"minecraft:dropped":{"minecraft:rotten_flesh":21,"minecraft:stone_pressure_plate":1},"minecraft:crafted":{"minecraft:oak_planks":48,"minecraft:crafting_table":4,"minecraft:wooden_pickaxe":1,"minecraft:iron_sword":1,"minecraft:furnace":1,"minecraft:cooked_mutton":10,"minecraft:air":0,"minecraft:stick":8,"minecraft:wooden_axe":2,"minecraft:white_bed":1}},"DataVersion":2586}