{"stats":{"minecraft:mined":{"minecraft:diamond_ore":58,"minecraft:white_bed":2,"minecraft:kelp_plant":1,"minecraft:dark_oak_log":38,"minecraft:crafting_table":5,"minecraft:granite":57,"minecraft:grass_block":1,"minecraft:poppy":1,"minecraft:tall_grass":3,"minecraft:sugar_cane":3,"minecraft:diorite":35,"minecraft:seagrass":1,"minecraft:tall_seagrass":3,"minecraft:furnace":8,"minecraft:iron_ore":233,"minecraft:fire":7,"minecraft:andesite":30,"minecraft:bee_nest":1,"minecraft:grass":5,"minecraft:oak_log":28,"minecraft:coal_ore":148,"minecraft:gravel":15,"minecraft:dirt":16,"minecraft:stone":1103,"minecraft:gold_ore":12},"minecraft:killed":{"minecraft:cave_spider":1,"minecraft:pig":4,"minecraft:cod":28,"minecraft:sheep":5,"minecraft:skeleton":1,"minecraft:zombie":2,"minecraft:chicken":4,"minecraft:cow":2},"minecraft:custom":{"minecraft:interact_with_furnace":94,"minecraft:mob_kills":48,"minecraft:interact_with_crafting_table":39,"minecraft:play_one_minute":133418,"minecraft:leave_game":8,"minecraft:time_since_death":53204,"minecraft:sleep_in_bed":2,"minecraft:time_since_rest":22917,"minecraft:sprint_one_cm":76429,"minecraft:damage_taken":1706,"minecraft:walk_one_cm":241578,"minecraft:drop":28,"minecraft:damage_dealt":2726,"minecraft:swim_one_cm":30702,"minecraft:fly_one_cm":121011,"minecraft:open_chest":1,"minecraft:crouch_one_cm":537,"minecraft:deaths":3,"minecraft:sneak_time":448,"minecraft:walk_under_water_one_cm":45036,"minecraft:jump":837,"minecraft:walk_on_water_one_cm":22768,"minecraft:fall_one_cm":17879,"minecraft:horse_one_cm":1475},"minecraft:crafted":{"minecraft:cooked_beef":4,"minecraft:cooked_cod":21,"minecraft:oak_planks":112,"minecraft:cooked_porkchop":4,"minecraft:crafting_table":8,"minecraft:cooked_chicken":4,"minecraft:wooden_pickaxe":3,"minecraft:iron_helmet":2,"minecraft:iron_sword":1,"minecraft:furnace":7,"minecraft:bucket":1,"minecraft:cooked_mutton":9,"minecraft:air":0,"minecraft:flint_and_steel":1,"minecraft:iron_boots":2,"minecraft:iron_chestplate":3,"minecraft:shield":2,"minecraft:iron_axe":2,"minecraft:stick":42,"minecraft:iron_ingot":180,"minecraft:iron_pickaxe":8,"minecraft:stone_pickaxe":3,"minecraft:wooden_axe":3,"minecraft:stone_sword":1,"minecraft:iron_leggings":3,"minecraft:gold_ingot":8,"minecraft:white_bed":1,"minecraft:dark_oak_planks":96},"minecraft:broken":{"minecraft:stone_pickaxe":1,"minecraft:iron_pickaxe":5,"minecraft:wooden_axe":2},"minecraft:used":{"minecraft:diorite":10,"minecraft:stone_sword":5,"minecraft:flint_and_steel":2,"minecraft:stone_pickaxe":287,"minecraft:oak_planks":4,"minecraft:wooden_pickaxe":24,"minecraft:cooked_chicken":4,"minecraft:dirt":8,"minecraft:crafting_table":13,"minecraft:white_bed":2,"minecraft:granite":2,"minecraft:wooden_axe":105,"minecraft:iron_axe":62,"minecraft:iron_pickaxe":1422,"minecraft:gravel":3,"minecraft:cobblestone":111,"minecraft:oak_sapling":1,"minecraft:porkchop":3,"minecraft:furnace":11,"minecraft:cooked_cod":6,"minecraft:cooked_porkchop":2,"minecraft:andesite":2,"minecraft:cooked_beef":3},"minecraft:dropped":{"minecraft:gravel":5,"minecraft:iron_ingot":17,"minecraft:wheat_seeds":3,"minecraft:feather":3,"minecraft:rotten_flesh":1,"minecraft:cobblestone":153,"minecraft:leather":1,"minecraft:granite":1,"minecraft:dirt":4,"minecraft:poppy":1,"minecraft:diorite":17,"minecraft:andesite":6,"minecraft:wooden_axe":1,"minecraft:cooked_cod":6,"minecraft:spider_eye":1,"minecraft:wooden_pickaxe":2,"minecraft:stone_pickaxe":1,"minecraft:iron_pickaxe":1,"minecraft:string":1,"minecraft:bone":2},"minecraft:picked_up":{"minecraft:wooden_axe":1,"minecraft:crafting_table":5,"minecraft:feather":3,"minecraft:chicken":4,"minecraft:andesite":30,"minecraft:leather":1,"minecraft:wooden_pickaxe":1,"minecraft:flint":2,"minecraft:oak_log":28,"minecraft:string":1,"minecraft:dirt":17,"minecraft:bone":2,"minecraft:kelp":1,"minecraft:wheat_seeds":3,"minecraft:iron_ingot":1,"minecraft:beef":4,"minecraft:iron_ore":251,"minecraft:poppy":1,"minecraft:iron_pickaxe":1,"minecraft:sugar_cane":3,"minecraft:egg":1,"minecraft:furnace":7,"minecraft:stick":2,"minecraft:gravel":13,"minecraft:porkchop":7,"minecraft:diorite":35,"minecraft:white_bed":2,"minecraft:gold_ore":12,"minecraft:spider_eye":1,"minecraft:dark_oak_log":32,"minecraft:arrow":1,"minecraft:rotten_flesh":3,"minecraft:cooked_cod":2,"minecraft:diamond":58,"minecraft:granite":57,"minecraft:bone_meal":2,"minecraft:oak_sapling":1,"minecraft:mutton":9,"minecraft:cod":26,"minecraft:coal":203,"minecraft:white_wool":5,"minecraft:cobblestone":1098}},"DataVersion":2586}