{"stats":{"minecraft:crafted":{"minecraft:dark_oak_boat":1,"minecraft:crafting_table":1,"minecraft:stick":8,"minecraft:wooden_pickaxe":1,"minecraft:stone_pickaxe":1,"minecraft:furnace":1,"minecraft:dark_oak_planks":36,"minecraft:stone_axe":1},"minecraft:used":{"minecraft:cooked_mutton":2,"minecraft:stone_pickaxe":15,"minecraft:wooden_pickaxe":3,"minecraft:stone_axe":42,"minecraft:dark_oak_boat":1,"minecraft:crafting_table":3,"minecraft:furnace":1},"minecraft:picked_up":{"minecraft:birch_log":2,"minecraft:crafting_table":3,"minecraft:feather":2,"minecraft:chicken":1,"minecraft:sand":1,"minecraft:dark_oak_log":43,"minecraft:dark_oak_planks":23,"minecraft:cooked_mutton":3,"minecraft:stone_pickaxe":1,"minecraft:mutton":3,"minecraft:furnace":1,"minecraft:white_wool":2,"minecraft:cobblestone":16,"minecraft:egg":1},"minecraft:mined":{"minecraft:furnace":1,"minecraft:birch_log":2,"minecraft:dark_oak_log":43,"minecraft:crafting_table":3,"minecraft:sand":1,"minecraft:stone":16},"minecraft:killed":{"minecraft:sheep":2,"minecraft:chicken":1},"minecraft:custom":{"minecraft:time_since_rest":16136,"minecraft:interact_with_furnace":3,"minecraft:sprint_one_cm":26347,"minecraft:damage_taken":80,"minecraft:walk_one_cm":10286,"minecraft:mob_kills":3,"minecraft:drop":1,"minecraft:damage_dealt":200,"minecraft:swim_one_cm":7452,"minecraft:interact_with_crafting_table":5,"minecraft:fly_one_cm":20072,"minecraft:crouch_one_cm":6953,"minecraft:play_one_minute":16136,"minecraft:sneak_time":1589,"minecraft:walk_under_water_one_cm":659,"minecraft:boat_one_cm":15226,"minecraft:jump":96,"minecraft:leave_game":2,"minecraft:time_since_death":16136,"minecraft:walk_on_water_one_cm":1043,"minecraft:fall_one_cm":1254},"minecraft:dropped":{"minecraft:stone_pickaxe":1}},"DataVersion":2586}